id,name,brand_url,created_at,logo,updated_at,brand_id
494,동물사랑APS,http://www.apslove.com/shop/goods/goods_list.php?category=006001012001,2020-02-13 04:27:52.309379,http://www.apslove.com/shop/data/skin/aps2016/img/banner/main_header_logo.gif,2020-02-13 04:31:38.183117,3781
495,동물사랑APS,http://www.apslove.com/shop/goods/goods_list.php?category=006001012023,2020-02-13 04:27:52.314505,http://www.apslove.com/shop/data/skin/aps2016/img/banner/main_header_logo.gif,2020-02-13 04:31:38.186503,3863
496,동물사랑APS,http://www.apslove.com/shop/goods/goods_list.php?category=006001012054,2020-02-13 04:27:52.318172,http://www.apslove.com/shop/data/skin/aps2016/img/banner/main_header_logo.gif,2020-02-13 04:31:38.189982,3864
497,동물사랑APS,http://www.apslove.com/shop/goods/goods_list.php?category=006001012045,2020-02-13 04:27:52.321552,http://www.apslove.com/shop/data/skin/aps2016/img/banner/main_header_logo.gif,2020-02-13 04:31:38.192943,3865
498,동물사랑APS,http://www.apslove.com/shop/goods/goods_list.php?category=006001012051,2020-02-13 04:27:52.325225,http://www.apslove.com/shop/data/skin/aps2016/img/banner/main_header_logo.gif,2020-02-13 04:31:38.196167,3789
499,동물사랑APS,http://www.apslove.com/shop/goods/goods_list.php?category=006001012028,2020-02-13 04:27:52.329969,http://www.apslove.com/shop/data/skin/aps2016/img/banner/main_header_logo.gif,2020-02-13 04:31:38.200610,3790
500,동물사랑APS,http://www.apslove.com/shop/goods/goods_list.php?category=006001012030,2020-02-13 04:27:52.335837,http://www.apslove.com/shop/data/skin/aps2016/img/banner/main_header_logo.gif,2020-02-13 04:31:38.204361,3866
501,동물사랑APS,http://www.apslove.com/shop/goods/goods_list.php?category=006001012003,2020-02-13 04:27:52.341862,http://www.apslove.com/shop/data/skin/aps2016/img/banner/main_header_logo.gif,2020-02-13 04:31:38.206944,3793
502,동물사랑APS,http://www.apslove.com/shop/goods/goods_list.php?category=006001012004,2020-02-13 04:27:52.346354,http://www.apslove.com/shop/data/skin/aps2016/img/banner/main_header_logo.gif,2020-02-13 04:31:38.209476,3796
503,동물사랑APS,http://www.apslove.com/shop/goods/goods_list.php?category=006001012050,2020-02-13 04:27:52.350283,http://www.apslove.com/shop/data/skin/aps2016/img/banner/main_header_logo.gif,2020-02-13 04:31:38.212068,3867
504,동물사랑APS,http://www.apslove.com/shop/goods/goods_list.php?category=006001012005,2020-02-13 04:27:52.357027,http://www.apslove.com/shop/data/skin/aps2016/img/banner/main_header_logo.gif,2020-02-13 04:31:38.214487,3868
505,동물사랑APS,http://www.apslove.com/shop/goods/goods_list.php?category=006001012027,2020-02-13 04:27:52.361911,http://www.apslove.com/shop/data/skin/aps2016/img/banner/main_header_logo.gif,2020-02-13 04:31:38.217088,3805
506,동물사랑APS,http://www.apslove.com/shop/goods/goods_list.php?category=006001012024,2020-02-13 04:27:52.366430,http://www.apslove.com/shop/data/skin/aps2016/img/banner/main_header_logo.gif,2020-02-13 04:31:38.220416,3807
507,동물사랑APS,http://www.apslove.com/shop/goods/goods_list.php?category=006001012056,2020-02-13 04:27:52.369763,http://www.apslove.com/shop/data/skin/aps2016/img/banner/main_header_logo.gif,2020-02-13 04:31:38.223129,3808
508,동물사랑APS,http://www.apslove.com/shop/goods/goods_list.php?category=006001012006,2020-02-13 04:27:52.375501,http://www.apslove.com/shop/data/skin/aps2016/img/banner/main_header_logo.gif,2020-02-13 04:31:38.225748,3869
509,동물사랑APS,http://www.apslove.com/shop/goods/goods_list.php?category=006001012057,2020-02-13 04:27:52.381272,http://www.apslove.com/shop/data/skin/aps2016/img/banner/main_header_logo.gif,2020-02-13 04:31:38.228521,3870
510,동물사랑APS,http://www.apslove.com/shop/goods/goods_list.php?category=006001012041,2020-02-13 04:27:52.385655,http://www.apslove.com/shop/data/skin/aps2016/img/banner/main_header_logo.gif,2020-02-13 04:31:38.231570,3871
511,동물사랑APS,http://www.apslove.com/shop/goods/goods_list.php?category=006001012052,2020-02-13 04:27:52.389739,http://www.apslove.com/shop/data/skin/aps2016/img/banner/main_header_logo.gif,2020-02-13 04:31:38.234160,3816
512,동물사랑APS,http://www.apslove.com/shop/goods/goods_list.php?category=006001012047,2020-02-13 04:27:52.392861,http://www.apslove.com/shop/data/skin/aps2016/img/banner/main_header_logo.gif,2020-02-13 04:31:38.236833,3821
513,동물사랑APS,http://www.apslove.com/shop/goods/goods_list.php?category=006001012048,2020-02-13 04:27:52.395905,http://www.apslove.com/shop/data/skin/aps2016/img/banner/main_header_logo.gif,2020-02-13 04:31:38.240215,3822
514,동물사랑APS,http://www.apslove.com/shop/goods/goods_list.php?category=006001012025,2020-02-13 04:27:52.398631,http://www.apslove.com/shop/data/skin/aps2016/img/banner/main_header_logo.gif,2020-02-13 04:31:38.244027,3872
515,동물사랑APS,http://www.apslove.com/shop/goods/goods_list.php?category=006001012008,2020-02-13 04:27:52.402158,http://www.apslove.com/shop/data/skin/aps2016/img/banner/main_header_logo.gif,2020-02-13 04:31:38.247465,3823
516,동물사랑APS,http://www.apslove.com/shop/goods/goods_list.php?category=006001012053,2020-02-13 04:27:52.407001,http://www.apslove.com/shop/data/skin/aps2016/img/banner/main_header_logo.gif,2020-02-13 04:31:38.250687,3873
517,동물사랑APS,http://www.apslove.com/shop/goods/goods_list.php?category=006001012010,2020-02-13 04:27:52.409791,http://www.apslove.com/shop/data/skin/aps2016/img/banner/main_header_logo.gif,2020-02-13 04:31:38.253961,3874
518,동물사랑APS,http://www.apslove.com/shop/goods/goods_list.php?category=006001012011,2020-02-13 04:27:52.413514,http://www.apslove.com/shop/data/skin/aps2016/img/banner/main_header_logo.gif,2020-02-13 04:31:38.257571,3829
519,동물사랑APS,http://www.apslove.com/shop/goods/goods_list.php?category=006001012012,2020-02-13 04:27:52.417215,http://www.apslove.com/shop/data/skin/aps2016/img/banner/main_header_logo.gif,2020-02-13 04:31:38.260669,3831
520,동물사랑APS,http://www.apslove.com/shop/goods/goods_list.php?category=006001012033,2020-02-13 04:27:52.420409,http://www.apslove.com/shop/data/skin/aps2016/img/banner/main_header_logo.gif,2020-02-13 04:31:38.264116,3836
521,동물사랑APS,http://www.apslove.com/shop/goods/goods_list.php?category=006001012019,2020-02-13 04:27:52.423640,http://www.apslove.com/shop/data/skin/aps2016/img/banner/main_header_logo.gif,2020-02-13 04:31:38.267337,3838
522,동물사랑APS,http://www.apslove.com/shop/goods/goods_list.php?category=006001012014,2020-02-13 04:27:52.426804,http://www.apslove.com/shop/data/skin/aps2016/img/banner/main_header_logo.gif,2020-02-13 04:31:38.270919,3875
523,동물사랑APS,http://www.apslove.com/shop/goods/goods_list.php?category=006001012013,2020-02-13 04:27:52.430134,http://www.apslove.com/shop/data/skin/aps2016/img/banner/main_header_logo.gif,2020-02-13 04:31:38.274510,3876
524,동물사랑APS,http://www.apslove.com/shop/goods/goods_list.php?category=006001012026,2020-02-13 04:27:52.433383,http://www.apslove.com/shop/data/skin/aps2016/img/banner/main_header_logo.gif,2020-02-13 04:31:38.277805,3849
525,동물사랑APS,http://www.apslove.com/shop/goods/goods_list.php?category=006001012046,2020-02-13 04:27:52.436647,http://www.apslove.com/shop/data/skin/aps2016/img/banner/main_header_logo.gif,2020-02-13 04:31:38.281260,3877
526,동물사랑APS,http://www.apslove.com/shop/goods/goods_list.php?category=006001012038,2020-02-13 04:27:52.439868,http://www.apslove.com/shop/data/skin/aps2016/img/banner/main_header_logo.gif,2020-02-13 04:31:38.284432,3856
527,동물사랑APS,http://www.apslove.com/shop/goods/goods_list.php?category=006001012035,2020-02-13 04:27:52.443098,http://www.apslove.com/shop/data/skin/aps2016/img/banner/main_header_logo.gif,2020-02-13 04:31:38.288098,3878
528,동물사랑APS,http://www.apslove.com/shop/goods/goods_list.php?category=006001012049,2020-02-13 04:27:52.446584,http://www.apslove.com/shop/data/skin/aps2016/img/banner/main_header_logo.gif,2020-02-13 04:31:38.291426,3858
529,동물사랑APS,http://www.apslove.com/shop/goods/goods_list.php?category=006001012017,2020-02-13 04:27:52.449731,http://www.apslove.com/shop/data/skin/aps2016/img/banner/main_header_logo.gif,2020-02-13 04:31:38.294638,3859
530,동물사랑APS,http://www.apslove.com/shop/goods/goods_list.php?category=006001012055,2020-02-13 04:27:52.453671,http://www.apslove.com/shop/data/skin/aps2016/img/banner/main_header_logo.gif,2020-02-13 04:31:38.297746,3879
531,mall1,http://queenpuppy.co.kr/shop/cate.html?category=183,2020-02-13 04:39:06.803555,,2020-02-13 04:50:57.646144,3781
532,mall1,http://queenpuppy.co.kr/shop/cate.html?category=440,2020-02-13 04:39:41.720406,,2020-02-13 04:39:41.720441,3880
533,mall1,http://queenpuppy.co.kr/shop/cate.html?category=281,2020-02-13 04:39:44.516004,,2020-02-13 04:39:44.516033,3786
534,mall1,http://queenpuppy.co.kr/shop/cate.html?category=509,2020-02-13 04:39:53.447063,,2020-02-13 04:39:53.447227,3881
535,mall1,http://queenpuppy.co.kr/shop/cate.html?category=285,2020-02-13 04:40:01.075029,,2020-02-13 04:40:01.075063,3892
536,mall1,http://queenpuppy.co.kr/shop/cate.html?category=225,2020-02-13 04:40:38.609539,,2020-02-13 04:40:38.609569,3882
537,mall1,http://queenpuppy.co.kr/shop/cate.html?category=488,2020-02-13 04:41:08.096772,,2020-02-13 04:41:08.096811,3790
538,mall1,http://queenpuppy.co.kr/shop/cate.html?category=187,2020-02-13 04:41:35.154998,,2020-02-13 04:41:35.155030,3793
539,mall1,http://queenpuppy.co.kr/shop/cate.html?category=482,2020-02-13 04:42:57.122807,,2020-02-13 04:42:57.122839,3883
540,mall1,http://queenpuppy.co.kr/shop/cate.html?category=375,2020-02-13 04:42:58.968709,,2020-02-13 04:42:58.968748,3796
541,mall1,http://queenpuppy.co.kr/shop/cate.html?category=270,2020-02-13 04:43:00.327505,,2020-02-13 04:43:00.327536,3798
542,mall1,http://queenpuppy.co.kr/shop/cate.html?category=408,2020-02-13 04:43:18.266803,,2020-02-13 04:43:18.266837,3805
543,mall1,http://queenpuppy.co.kr/shop/cate.html?category=495,2020-02-13 04:44:22.029060,,2020-02-13 04:44:22.029091,3810
544,mall1,http://queenpuppy.co.kr/shop/cate.html?category=487,2020-02-13 04:44:29.542376,,2020-02-13 04:44:29.542405,3885
545,mall1,http://queenpuppy.co.kr/shop/cate.html?category=508,2020-02-13 04:44:32.617302,,2020-02-13 04:44:32.617332,3811
546,mall1,http://queenpuppy.co.kr/shop/cate.html?category=505,2020-02-13 04:44:35.228007,,2020-02-13 04:44:35.228037,3815
547,mall1,http://queenpuppy.co.kr/shop/cate.html?category=510,2020-02-13 04:44:39.575284,,2020-02-13 04:44:39.575332,3814
548,mall1,http://queenpuppy.co.kr/shop/cate.html?category=514,2020-02-13 04:44:47.825846,,2020-02-13 04:44:47.825879,3884
549,mall1,http://queenpuppy.co.kr/shop/cate.html?category=428,2020-02-13 04:44:57.636696,,2020-02-13 04:44:57.636770,3871
550,mall1,http://queenpuppy.co.kr/shop/cate.html?category=511,2020-02-13 04:44:58.889047,,2020-02-13 04:44:58.889081,3886
551,mall1,http://queenpuppy.co.kr/shop/cate.html?category=445,2020-02-13 04:45:04.172238,,2020-02-13 04:45:04.172265,3888
552,mall1,http://queenpuppy.co.kr/shop/cate.html?category=471,2020-02-13 04:45:06.077938,,2020-02-13 04:45:06.077967,3887
553,mall1,http://queenpuppy.co.kr/shop/cate.html?category=199,2020-02-13 04:45:15.869395,,2020-02-13 04:45:15.869424,3823
554,mall1,http://queenpuppy.co.kr/shop/cate.html?category=278,2020-02-13 04:45:18.275522,,2020-02-13 04:45:18.275594,3825
555,mall1,http://queenpuppy.co.kr/shop/cate.html?category=489,2020-02-13 04:45:22.802346,,2020-02-13 04:45:22.802377,3826
556,mall1,http://queenpuppy.co.kr/shop/cate.html?category=265,2020-02-13 04:45:31.887022,,2020-02-13 04:45:31.887052,3829
557,mall1,http://queenpuppy.co.kr/shop/cate.html?category=271,2020-02-13 04:45:41.282151,,2020-02-13 04:45:41.282184,3890
558,mall1,http://queenpuppy.co.kr/shop/cate.html?category=289,2020-02-13 04:45:46.221528,,2020-02-13 04:45:46.221564,3891
559,mall1,http://queenpuppy.co.kr/shop/cate.html?category=507,2020-02-13 04:45:53.204439,,2020-02-13 04:45:53.204474,3839
560,mall1,http://queenpuppy.co.kr/shop/cate.html?category=512,2020-02-13 04:46:00.104653,,2020-02-13 04:46:00.104680,3889
561,mall1,http://queenpuppy.co.kr/shop/cate.html?category=378,2020-02-13 04:46:12.724502,,2020-02-13 04:46:12.724537,3833
562,mall1,http://queenpuppy.co.kr/shop/cate.html?category=395,2020-02-13 04:46:44.661712,,2020-02-13 04:46:44.661739,3836
563,mall1,http://queenpuppy.co.kr/shop/cate.html?category=499,2020-02-13 04:46:52.854416,,2020-02-13 04:46:52.854446,3832
564,mall1,http://queenpuppy.co.kr/shop/cate.html?category=286,2020-02-13 04:46:58.664210,,2020-02-13 04:46:58.664239,3841
565,mall1,http://queenpuppy.co.kr/shop/cate.html?category=513,2020-02-13 04:47:19.320251,,2020-02-13 04:47:19.320292,3893
566,mall1,http://queenpuppy.co.kr/shop/cate.html?category=515,2020-02-13 04:47:31.548492,,2020-02-13 04:47:31.548525,3894
567,mall1,http://queenpuppy.co.kr/shop/cate.html?category=291,2020-02-13 04:47:33.731903,,2020-02-13 04:47:33.731988,3847
568,mall1,http://queenpuppy.co.kr/shop/cate.html?category=501,2020-02-13 04:47:36.547526,,2020-02-13 04:47:36.547555,3850
569,mall1,http://queenpuppy.co.kr/shop/cate.html?category=380,2020-02-13 04:47:48.140194,,2020-02-13 04:47:48.140221,3895
570,mall1,http://queenpuppy.co.kr/shop/cate.html?category=503,2020-02-13 04:47:50.326792,,2020-02-13 04:47:50.326831,3896
571,mall1,http://queenpuppy.co.kr/shop/cate.html?category=498,2020-02-13 04:47:55.568444,,2020-02-13 04:47:55.568475,3852
572,mall1,http://queenpuppy.co.kr/shop/cate.html?category=377,2020-02-13 04:48:13.149310,,2020-02-13 04:48:13.149368,3897
573,mall1,http://queenpuppy.co.kr/shop/cate.html?category=500,2020-02-13 04:48:18.517947,,2020-02-13 04:48:18.517977,3877
574,mall1,http://queenpuppy.co.kr/shop/cate.html?category=243,2020-02-13 04:48:20.844546,,2020-02-13 04:48:20.844587,3856
575,mall1,http://queenpuppy.co.kr/shop/cate.html?category=496,2020-02-13 04:48:28.262010,,2020-02-13 04:48:28.262069,3898
576,mall1,http://queenpuppy.co.kr/shop/cate.html?category=490,2020-02-13 04:48:43.956564,,2020-02-13 04:48:43.956599,3899
577,mall1,http://queenpuppy.co.kr/shop/cate.html?category=409,2020-02-13 04:48:56.691053,,2020-02-13 04:48:56.691083,3859
578,mall1,http://queenpuppy.co.kr/shop/cate.html?category=494,2020-02-13 04:49:05.693277,,2020-02-13 04:49:05.693308,3851
579,mall1,http://queenpuppy.co.kr/shop/cate.html?category=394,2020-02-13 04:49:18.881006,,2020-02-13 04:49:18.881037,3879
580,kingdom,http://www.dogskingdom.co.kr/shop/goods/goods_list.php?category=001065,2020-02-13 04:49:45.664512,http://www.dogskingdom.co.kr/shop/data/skin/apple_tree/img/banner/54564.jpg,2020-02-13 04:51:30.818968,3781
581,kingdom,http://www.dogskingdom.co.kr/shop/goods/goods_list.php?category=001118,2020-02-13 04:49:45.668250,http://www.dogskingdom.co.kr/shop/data/skin/apple_tree/img/banner/54564.jpg,2020-02-13 04:51:30.823458,3900
582,kingdom,http://www.dogskingdom.co.kr/shop/goods/goods_list.php?category=001048,2020-02-13 04:49:45.671265,http://www.dogskingdom.co.kr/shop/data/skin/apple_tree/img/banner/54564.jpg,2020-02-13 04:51:30.826883,3901
583,kingdom,http://www.dogskingdom.co.kr/shop/goods/goods_list.php?category=001059,2020-02-13 04:49:45.674701,http://www.dogskingdom.co.kr/shop/data/skin/apple_tree/img/banner/54564.jpg,2020-02-13 04:51:30.830133,3902
584,kingdom,http://www.dogskingdom.co.kr/shop/goods/goods_list.php?category=001049,2020-02-13 04:49:45.678407,http://www.dogskingdom.co.kr/shop/data/skin/apple_tree/img/banner/54564.jpg,2020-02-13 04:51:30.833487,3903
585,kingdom,http://www.dogskingdom.co.kr/shop/goods/goods_list.php?category=001090,2020-02-13 04:49:45.682216,http://www.dogskingdom.co.kr/shop/data/skin/apple_tree/img/banner/54564.jpg,2020-02-13 04:51:30.836932,3790
586,kingdom,http://www.dogskingdom.co.kr/shop/goods/goods_list.php?category=001079,2020-02-13 04:49:45.684918,http://www.dogskingdom.co.kr/shop/data/skin/apple_tree/img/banner/54564.jpg,2020-02-13 04:51:30.839883,3792
587,kingdom,http://www.dogskingdom.co.kr/shop/goods/goods_list.php?category=001002,2020-02-13 04:49:45.687347,http://www.dogskingdom.co.kr/shop/data/skin/apple_tree/img/banner/54564.jpg,2020-02-13 04:51:30.842908,3793
588,kingdom,http://www.dogskingdom.co.kr/shop/goods/goods_list.php?category=001122,2020-02-13 04:49:45.690111,http://www.dogskingdom.co.kr/shop/data/skin/apple_tree/img/banner/54564.jpg,2020-02-13 04:51:30.845186,3904
589,kingdom,http://www.dogskingdom.co.kr/shop/goods/goods_list.php?category=001119,2020-02-13 04:49:45.692569,http://www.dogskingdom.co.kr/shop/data/skin/apple_tree/img/banner/54564.jpg,2020-02-13 04:51:30.847558,3905
590,kingdom,http://www.dogskingdom.co.kr/shop/goods/goods_list.php?category=001005,2020-02-13 04:49:45.694901,http://www.dogskingdom.co.kr/shop/data/skin/apple_tree/img/banner/54564.jpg,2020-02-13 04:51:30.849818,3795
591,kingdom,http://www.dogskingdom.co.kr/shop/goods/goods_list.php?category=001120,2020-02-13 04:49:45.697644,http://www.dogskingdom.co.kr/shop/data/skin/apple_tree/img/banner/54564.jpg,2020-02-13 04:51:30.852075,3796
592,kingdom,http://www.dogskingdom.co.kr/shop/goods/goods_list.php?category=001006,2020-02-13 04:49:45.700402,http://www.dogskingdom.co.kr/shop/data/skin/apple_tree/img/banner/54564.jpg,2020-02-13 04:51:30.854770,3906
593,kingdom,http://www.dogskingdom.co.kr/shop/goods/goods_list.php?category=001112,2020-02-13 04:49:45.702886,http://www.dogskingdom.co.kr/shop/data/skin/apple_tree/img/banner/54564.jpg,2020-02-13 04:51:30.857226,3867
594,kingdom,http://www.dogskingdom.co.kr/shop/goods/goods_list.php?category=001116,2020-02-13 04:49:45.706034,http://www.dogskingdom.co.kr/shop/data/skin/apple_tree/img/banner/54564.jpg,2020-02-13 04:51:30.860816,3907
595,kingdom,http://www.dogskingdom.co.kr/shop/goods/goods_list.php?category=001010,2020-02-13 04:49:45.708627,http://www.dogskingdom.co.kr/shop/data/skin/apple_tree/img/banner/54564.jpg,2020-02-13 04:51:30.863094,3908
596,kingdom,http://www.dogskingdom.co.kr/shop/goods/goods_list.php?category=001012,2020-02-13 04:49:45.711509,http://www.dogskingdom.co.kr/shop/data/skin/apple_tree/img/banner/54564.jpg,2020-02-13 04:51:30.865692,3801
597,kingdom,http://www.dogskingdom.co.kr/shop/goods/goods_list.php?category=001086,2020-02-13 04:49:45.714205,http://www.dogskingdom.co.kr/shop/data/skin/apple_tree/img/banner/54564.jpg,2020-02-13 04:51:30.868148,3909
598,kingdom,http://www.dogskingdom.co.kr/shop/goods/goods_list.php?category=001083,2020-02-13 04:49:45.716713,http://www.dogskingdom.co.kr/shop/data/skin/apple_tree/img/banner/54564.jpg,2020-02-13 04:51:30.870576,3910
599,kingdom,http://www.dogskingdom.co.kr/shop/goods/goods_list.php?category=001091,2020-02-13 04:49:45.719179,http://www.dogskingdom.co.kr/shop/data/skin/apple_tree/img/banner/54564.jpg,2020-02-13 04:51:30.872987,3805
600,kingdom,http://www.dogskingdom.co.kr/shop/goods/goods_list.php?category=001061,2020-02-13 04:49:45.721859,http://www.dogskingdom.co.kr/shop/data/skin/apple_tree/img/banner/54564.jpg,2020-02-13 04:51:30.875797,3807
601,kingdom,http://www.dogskingdom.co.kr/shop/goods/goods_list.php?category=001106,2020-02-13 04:49:45.724327,http://www.dogskingdom.co.kr/shop/data/skin/apple_tree/img/banner/54564.jpg,2020-02-13 04:51:30.878741,3911
602,kingdom,http://www.dogskingdom.co.kr/shop/goods/goods_list.php?category=001115,2020-02-13 04:49:45.726746,http://www.dogskingdom.co.kr/shop/data/skin/apple_tree/img/banner/54564.jpg,2020-02-13 04:51:30.881072,3912
603,kingdom,http://www.dogskingdom.co.kr/shop/goods/goods_list.php?category=001104,2020-02-13 04:49:45.729276,http://www.dogskingdom.co.kr/shop/data/skin/apple_tree/img/banner/54564.jpg,2020-02-13 04:51:30.883421,3813
604,kingdom,http://www.dogskingdom.co.kr/shop/goods/goods_list.php?category=001020,2020-02-13 04:49:45.732108,http://www.dogskingdom.co.kr/shop/data/skin/apple_tree/img/banner/54564.jpg,2020-02-13 04:51:30.886657,3822
605,kingdom,http://www.dogskingdom.co.kr/shop/goods/goods_list.php?category=001097,2020-02-13 04:49:45.734713,http://www.dogskingdom.co.kr/shop/data/skin/apple_tree/img/banner/54564.jpg,2020-02-13 04:51:30.890228,3913
606,kingdom,http://www.dogskingdom.co.kr/shop/goods/goods_list.php?category=001051,2020-02-13 04:49:45.737022,http://www.dogskingdom.co.kr/shop/data/skin/apple_tree/img/banner/54564.jpg,2020-02-13 04:51:30.894435,3914
607,kingdom,http://www.dogskingdom.co.kr/shop/goods/goods_list.php?category=001099,2020-02-13 04:49:45.739767,http://www.dogskingdom.co.kr/shop/data/skin/apple_tree/img/banner/54564.jpg,2020-02-13 04:51:30.898307,3826
608,kingdom,http://www.dogskingdom.co.kr/shop/goods/goods_list.php?category=001030,2020-02-13 04:49:45.742901,http://www.dogskingdom.co.kr/shop/data/skin/apple_tree/img/banner/54564.jpg,2020-02-13 04:51:30.901540,3829
609,kingdom,http://www.dogskingdom.co.kr/shop/goods/goods_list.php?category=001107,2020-02-13 04:49:45.745663,http://www.dogskingdom.co.kr/shop/data/skin/apple_tree/img/banner/54564.jpg,2020-02-13 04:51:30.905494,3915
610,kingdom,http://www.dogskingdom.co.kr/shop/goods/goods_list.php?category=001071,2020-02-13 04:49:45.748421,http://www.dogskingdom.co.kr/shop/data/skin/apple_tree/img/banner/54564.jpg,2020-02-13 04:51:30.909245,3833
611,kingdom,http://www.dogskingdom.co.kr/shop/goods/goods_list.php?category=001111,2020-02-13 04:49:45.751762,http://www.dogskingdom.co.kr/shop/data/skin/apple_tree/img/banner/54564.jpg,2020-02-13 04:51:30.912765,3836
612,kingdom,http://www.dogskingdom.co.kr/shop/goods/goods_list.php?category=001094,2020-02-13 04:49:45.756038,http://www.dogskingdom.co.kr/shop/data/skin/apple_tree/img/banner/54564.jpg,2020-02-13 04:51:30.916303,3891
613,kingdom,http://www.dogskingdom.co.kr/shop/goods/goods_list.php?category=001109,2020-02-13 04:49:45.759780,http://www.dogskingdom.co.kr/shop/data/skin/apple_tree/img/banner/54564.jpg,2020-02-13 04:51:30.920032,3916
614,kingdom,http://www.dogskingdom.co.kr/shop/goods/goods_list.php?category=001074,2020-02-13 04:49:45.764715,http://www.dogskingdom.co.kr/shop/data/skin/apple_tree/img/banner/54564.jpg,2020-02-13 04:51:30.923364,3917
615,kingdom,http://www.dogskingdom.co.kr/shop/goods/goods_list.php?category=001085,2020-02-13 04:49:45.768961,http://www.dogskingdom.co.kr/shop/data/skin/apple_tree/img/banner/54564.jpg,2020-02-13 04:51:30.927216,3918
616,kingdom,http://www.dogskingdom.co.kr/shop/goods/goods_list.php?category=001042,2020-02-13 04:49:45.774160,http://www.dogskingdom.co.kr/shop/data/skin/apple_tree/img/banner/54564.jpg,2020-02-13 04:51:30.930537,3855
617,kingdom,http://www.dogskingdom.co.kr/shop/goods/goods_list.php?category=001121,2020-02-13 04:49:45.778537,http://www.dogskingdom.co.kr/shop/data/skin/apple_tree/img/banner/54564.jpg,2020-02-13 04:51:30.933980,3919
618,kingdom,http://www.dogskingdom.co.kr/shop/goods/goods_list.php?category=001043,2020-02-13 04:49:45.784524,http://www.dogskingdom.co.kr/shop/data/skin/apple_tree/img/banner/54564.jpg,2020-02-13 04:51:30.937810,3856
619,kingdom,http://www.dogskingdom.co.kr/shop/goods/goods_list.php?category=001108,2020-02-13 04:49:45.789573,http://www.dogskingdom.co.kr/shop/data/skin/apple_tree/img/banner/54564.jpg,2020-02-13 04:51:30.941514,3920
620,kingdom,http://www.dogskingdom.co.kr/shop/goods/goods_list.php?category=001110,2020-02-13 04:49:45.795243,http://www.dogskingdom.co.kr/shop/data/skin/apple_tree/img/banner/54564.jpg,2020-02-13 04:51:30.944857,3859
621,kingdom,http://www.dogskingdom.co.kr/shop/goods/goods_list.php?category=001103,2020-02-13 04:49:45.800643,http://www.dogskingdom.co.kr/shop/data/skin/apple_tree/img/banner/54564.jpg,2020-02-13 04:51:30.948468,3921
622,kingdom,http://www.dogskingdom.co.kr/shop/goods/goods_list.php?category=001114,2020-02-13 04:49:45.806184,http://www.dogskingdom.co.kr/shop/data/skin/apple_tree/img/banner/54564.jpg,2020-02-13 04:51:30.952195,3922
623,president,http://www.dogpre.com/shop/goods/goods_list.php?category=036&search_word=&parent_sno=&scroll=0&cateType=&v_category=&category=036&search_brand%5B%5D=2,2020-02-13 04:59:28.682259,http://www.apslove.com/shop/data/skin/aps2016/img/banner/main_header_logo.gif,2020-02-13 04:59:28.682293,3781
624,president,http://www.dogpre.com/shop/goods/goods_list.php?category=036&search_word=&parent_sno=&scroll=0&cateType=&v_category=&category=036&search_brand%5B%5D=7,2020-02-13 04:59:28.685195,http://www.apslove.com/shop/data/skin/aps2016/img/banner/main_header_logo.gif,2020-02-13 04:59:28.685252,3782
625,president,http://www.dogpre.com/shop/goods/goods_list.php?category=036&search_word=&parent_sno=&scroll=0&cateType=&v_category=&category=036&search_brand%5B%5D=11,2020-02-13 04:59:28.688268,http://www.apslove.com/shop/data/skin/aps2016/img/banner/main_header_logo.gif,2020-02-13 04:59:28.688303,3783
626,president,http://www.dogpre.com/shop/goods/goods_list.php?category=036&search_word=&parent_sno=&scroll=0&cateType=&v_category=&category=036&search_brand%5B%5D=1579,2020-02-13 04:59:28.691703,http://www.apslove.com/shop/data/skin/aps2016/img/banner/main_header_logo.gif,2020-02-13 04:59:28.691754,3784
627,president,http://www.dogpre.com/shop/goods/goods_list.php?category=036&search_word=&parent_sno=&scroll=0&cateType=&v_category=&category=036&search_brand%5B%5D=881,2020-02-13 04:59:28.695876,http://www.apslove.com/shop/data/skin/aps2016/img/banner/main_header_logo.gif,2020-02-13 04:59:28.695915,3785
628,president,http://www.dogpre.com/shop/goods/goods_list.php?category=036&search_word=&parent_sno=&scroll=0&cateType=&v_category=&category=036&search_brand%5B%5D=16,2020-02-13 04:59:28.698716,http://www.apslove.com/shop/data/skin/aps2016/img/banner/main_header_logo.gif,2020-02-13 04:59:28.698753,3786
629,president,http://www.dogpre.com/shop/goods/goods_list.php?category=036&search_word=&parent_sno=&scroll=0&cateType=&v_category=&category=036&search_brand%5B%5D=1894,2020-02-13 04:59:28.701100,http://www.apslove.com/shop/data/skin/aps2016/img/banner/main_header_logo.gif,2020-02-13 04:59:28.701134,3787
630,president,http://www.dogpre.com/shop/goods/goods_list.php?category=036&search_word=&parent_sno=&scroll=0&cateType=&v_category=&category=036&search_brand%5B%5D=23,2020-02-13 04:59:28.703682,http://www.apslove.com/shop/data/skin/aps2016/img/banner/main_header_logo.gif,2020-02-13 04:59:28.703717,3788
631,president,http://www.dogpre.com/shop/goods/goods_list.php?category=036&search_word=&parent_sno=&scroll=0&cateType=&v_category=&category=036&search_brand%5B%5D=30,2020-02-13 04:59:28.706086,http://www.apslove.com/shop/data/skin/aps2016/img/banner/main_header_logo.gif,2020-02-13 04:59:28.706119,3789
632,president,http://www.dogpre.com/shop/goods/goods_list.php?category=036&search_word=&parent_sno=&scroll=0&cateType=&v_category=&category=036&search_brand%5B%5D=779,2020-02-13 04:59:28.708971,http://www.apslove.com/shop/data/skin/aps2016/img/banner/main_header_logo.gif,2020-02-13 04:59:28.709006,3790
633,president,http://www.dogpre.com/shop/goods/goods_list.php?category=036&search_word=&parent_sno=&scroll=0&cateType=&v_category=&category=036&search_brand%5B%5D=1681,2020-02-13 04:59:28.711767,http://www.apslove.com/shop/data/skin/aps2016/img/banner/main_header_logo.gif,2020-02-13 04:59:28.711801,3791
634,president,http://www.dogpre.com/shop/goods/goods_list.php?category=036&search_word=&parent_sno=&scroll=0&cateType=&v_category=&category=036&search_brand%5B%5D=32,2020-02-13 04:59:28.714067,http://www.apslove.com/shop/data/skin/aps2016/img/banner/main_header_logo.gif,2020-02-13 04:59:28.714096,3792
635,president,http://www.dogpre.com/shop/goods/goods_list.php?category=036&search_word=&parent_sno=&scroll=0&cateType=&v_category=&category=036&search_brand%5B%5D=31,2020-02-13 04:59:28.716268,http://www.apslove.com/shop/data/skin/aps2016/img/banner/main_header_logo.gif,2020-02-13 04:59:28.716297,3793
636,president,http://www.dogpre.com/shop/goods/goods_list.php?category=036&search_word=&parent_sno=&scroll=0&cateType=&v_category=&category=036&search_brand%5B%5D=34,2020-02-13 04:59:28.718943,http://www.apslove.com/shop/data/skin/aps2016/img/banner/main_header_logo.gif,2020-02-13 04:59:28.718977,3794
637,president,http://www.dogpre.com/shop/goods/goods_list.php?category=036&search_word=&parent_sno=&scroll=0&cateType=&v_category=&category=036&search_brand%5B%5D=36,2020-02-13 04:59:28.722077,http://www.apslove.com/shop/data/skin/aps2016/img/banner/main_header_logo.gif,2020-02-13 04:59:28.722113,3795
638,president,http://www.dogpre.com/shop/goods/goods_list.php?category=036&search_word=&parent_sno=&scroll=0&cateType=&v_category=&category=036&search_brand%5B%5D=40,2020-02-13 04:59:28.724403,http://www.apslove.com/shop/data/skin/aps2016/img/banner/main_header_logo.gif,2020-02-13 04:59:28.724432,3796
639,president,http://www.dogpre.com/shop/goods/goods_list.php?category=036&search_word=&parent_sno=&scroll=0&cateType=&v_category=&category=036&search_brand%5B%5D=1726,2020-02-13 04:59:28.726780,http://www.apslove.com/shop/data/skin/aps2016/img/banner/main_header_logo.gif,2020-02-13 04:59:28.726814,3797
640,president,http://www.dogpre.com/shop/goods/goods_list.php?category=036&search_word=&parent_sno=&scroll=0&cateType=&v_category=&category=036&search_brand%5B%5D=47,2020-02-13 04:59:28.729218,http://www.apslove.com/shop/data/skin/aps2016/img/banner/main_header_logo.gif,2020-02-13 04:59:28.729252,3798
641,president,http://www.dogpre.com/shop/goods/goods_list.php?category=036&search_word=&parent_sno=&scroll=0&cateType=&v_category=&category=036&search_brand%5B%5D=1846,2020-02-13 04:59:28.731648,http://www.apslove.com/shop/data/skin/aps2016/img/banner/main_header_logo.gif,2020-02-13 04:59:28.731682,3799
642,president,http://www.dogpre.com/shop/goods/goods_list.php?category=036&search_word=&parent_sno=&scroll=0&cateType=&v_category=&category=036&search_brand%5B%5D=52,2020-02-13 04:59:28.734130,http://www.apslove.com/shop/data/skin/aps2016/img/banner/main_header_logo.gif,2020-02-13 04:59:28.734162,3800
643,president,http://www.dogpre.com/shop/goods/goods_list.php?category=036&search_word=&parent_sno=&scroll=0&cateType=&v_category=&category=036&search_brand%5B%5D=55,2020-02-13 04:59:28.736503,http://www.apslove.com/shop/data/skin/aps2016/img/banner/main_header_logo.gif,2020-02-13 04:59:28.736533,3801
644,president,http://www.dogpre.com/shop/goods/goods_list.php?category=036&search_word=&parent_sno=&scroll=0&cateType=&v_category=&category=036&search_brand%5B%5D=1873,2020-02-13 04:59:28.738711,http://www.apslove.com/shop/data/skin/aps2016/img/banner/main_header_logo.gif,2020-02-13 04:59:28.738807,3802
645,president,http://www.dogpre.com/shop/goods/goods_list.php?category=036&search_word=&parent_sno=&scroll=0&cateType=&v_category=&category=036&search_brand%5B%5D=64,2020-02-13 04:59:28.741468,http://www.apslove.com/shop/data/skin/aps2016/img/banner/main_header_logo.gif,2020-02-13 04:59:28.741503,3803
646,president,http://www.dogpre.com/shop/goods/goods_list.php?category=036&search_word=&parent_sno=&scroll=0&cateType=&v_category=&category=036&search_brand%5B%5D=1523,2020-02-13 04:59:28.744290,http://www.apslove.com/shop/data/skin/aps2016/img/banner/main_header_logo.gif,2020-02-13 04:59:28.744326,3804
647,president,http://www.dogpre.com/shop/goods/goods_list.php?category=036&search_word=&parent_sno=&scroll=0&cateType=&v_category=&category=036&search_brand%5B%5D=577,2020-02-13 04:59:28.747856,http://www.apslove.com/shop/data/skin/aps2016/img/banner/main_header_logo.gif,2020-02-13 04:59:28.747891,3805
648,president,http://www.dogpre.com/shop/goods/goods_list.php?category=036&search_word=&parent_sno=&scroll=0&cateType=&v_category=&category=036&search_brand%5B%5D=1463,2020-02-13 04:59:28.751615,http://www.apslove.com/shop/data/skin/aps2016/img/banner/main_header_logo.gif,2020-02-13 04:59:28.751654,3806
649,president,http://www.dogpre.com/shop/goods/goods_list.php?category=036&search_word=&parent_sno=&scroll=0&cateType=&v_category=&category=036&search_brand%5B%5D=258,2020-02-13 04:59:28.755303,http://www.apslove.com/shop/data/skin/aps2016/img/banner/main_header_logo.gif,2020-02-13 04:59:28.755343,3807
650,president,http://www.dogpre.com/shop/goods/goods_list.php?category=036&search_word=&parent_sno=&scroll=0&cateType=&v_category=&category=036&search_brand%5B%5D=2011,2020-02-13 04:59:28.760577,http://www.apslove.com/shop/data/skin/aps2016/img/banner/main_header_logo.gif,2020-02-13 04:59:28.760620,3808
651,president,http://www.dogpre.com/shop/goods/goods_list.php?category=036&search_word=&parent_sno=&scroll=0&cateType=&v_category=&category=036&search_brand%5B%5D=1552,2020-02-13 04:59:28.765264,http://www.apslove.com/shop/data/skin/aps2016/img/banner/main_header_logo.gif,2020-02-13 04:59:28.765307,3809
652,president,http://www.dogpre.com/shop/goods/goods_list.php?category=036&search_word=&parent_sno=&scroll=0&cateType=&v_category=&category=036&search_brand%5B%5D=1645,2020-02-13 04:59:28.768969,http://www.apslove.com/shop/data/skin/aps2016/img/banner/main_header_logo.gif,2020-02-13 04:59:28.769008,3810
653,president,http://www.dogpre.com/shop/goods/goods_list.php?category=036&search_word=&parent_sno=&scroll=0&cateType=&v_category=&category=036&search_brand%5B%5D=1525,2020-02-13 04:59:28.772463,http://www.apslove.com/shop/data/skin/aps2016/img/banner/main_header_logo.gif,2020-02-13 04:59:28.772503,3811
654,president,http://www.dogpre.com/shop/goods/goods_list.php?category=036&search_word=&parent_sno=&scroll=0&cateType=&v_category=&category=036&search_brand%5B%5D=2003,2020-02-13 04:59:28.775873,http://www.apslove.com/shop/data/skin/aps2016/img/banner/main_header_logo.gif,2020-02-13 04:59:28.775926,3812
655,president,http://www.dogpre.com/shop/goods/goods_list.php?category=036&search_word=&parent_sno=&scroll=0&cateType=&v_category=&category=036&search_brand%5B%5D=1329,2020-02-13 04:59:28.779314,http://www.apslove.com/shop/data/skin/aps2016/img/banner/main_header_logo.gif,2020-02-13 04:59:28.779356,3813
656,president,http://www.dogpre.com/shop/goods/goods_list.php?category=036&search_word=&parent_sno=&scroll=0&cateType=&v_category=&category=036&search_brand%5B%5D=1723,2020-02-13 04:59:28.783034,http://www.apslove.com/shop/data/skin/aps2016/img/banner/main_header_logo.gif,2020-02-13 04:59:28.783077,3814
657,president,http://www.dogpre.com/shop/goods/goods_list.php?category=036&search_word=&parent_sno=&scroll=0&cateType=&v_category=&category=036&search_brand%5B%5D=1717,2020-02-13 04:59:28.786563,http://www.apslove.com/shop/data/skin/aps2016/img/banner/main_header_logo.gif,2020-02-13 04:59:28.786604,3815
658,president,http://www.dogpre.com/shop/goods/goods_list.php?category=036&search_word=&parent_sno=&scroll=0&cateType=&v_category=&category=036&search_brand%5B%5D=1834,2020-02-13 04:59:28.789882,http://www.apslove.com/shop/data/skin/aps2016/img/banner/main_header_logo.gif,2020-02-13 04:59:28.789922,3816
659,president,http://www.dogpre.com/shop/goods/goods_list.php?category=036&search_word=&parent_sno=&scroll=0&cateType=&v_category=&category=036&search_brand%5B%5D=105,2020-02-13 04:59:28.793401,http://www.apslove.com/shop/data/skin/aps2016/img/banner/main_header_logo.gif,2020-02-13 04:59:28.793443,3817
660,president,http://www.dogpre.com/shop/goods/goods_list.php?category=036&search_word=&parent_sno=&scroll=0&cateType=&v_category=&category=036&search_brand%5B%5D=1567,2020-02-13 04:59:28.797126,http://www.apslove.com/shop/data/skin/aps2016/img/banner/main_header_logo.gif,2020-02-13 04:59:28.797169,3818
661,president,http://www.dogpre.com/shop/goods/goods_list.php?category=036&search_word=&parent_sno=&scroll=0&cateType=&v_category=&category=036&search_brand%5B%5D=2014,2020-02-13 04:59:28.800667,http://www.apslove.com/shop/data/skin/aps2016/img/banner/main_header_logo.gif,2020-02-13 04:59:28.800708,3819
662,president,http://www.dogpre.com/shop/goods/goods_list.php?category=036&search_word=&parent_sno=&scroll=0&cateType=&v_category=&category=036&search_brand%5B%5D=1672,2020-02-13 04:59:28.804552,http://www.apslove.com/shop/data/skin/aps2016/img/banner/main_header_logo.gif,2020-02-13 04:59:28.804594,3820
663,president,http://www.dogpre.com/shop/goods/goods_list.php?category=036&search_word=&parent_sno=&scroll=0&cateType=&v_category=&category=036&search_brand%5B%5D=1013,2020-02-13 04:59:28.807925,http://www.apslove.com/shop/data/skin/aps2016/img/banner/main_header_logo.gif,2020-02-13 04:59:28.807968,3821
664,president,http://www.dogpre.com/shop/goods/goods_list.php?category=036&search_word=&parent_sno=&scroll=0&cateType=&v_category=&category=036&search_brand%5B%5D=119,2020-02-13 04:59:28.811315,http://www.apslove.com/shop/data/skin/aps2016/img/banner/main_header_logo.gif,2020-02-13 04:59:28.811357,3822
665,president,http://www.dogpre.com/shop/goods/goods_list.php?category=036&search_word=&parent_sno=&scroll=0&cateType=&v_category=&category=036&search_brand%5B%5D=126,2020-02-13 04:59:28.814398,http://www.apslove.com/shop/data/skin/aps2016/img/banner/main_header_logo.gif,2020-02-13 04:59:28.814434,3823
666,president,http://www.dogpre.com/shop/goods/goods_list.php?category=036&search_word=&parent_sno=&scroll=0&cateType=&v_category=&category=036&search_brand%5B%5D=127,2020-02-13 04:59:28.818208,http://www.apslove.com/shop/data/skin/aps2016/img/banner/main_header_logo.gif,2020-02-13 04:59:28.818252,3824
667,president,http://www.dogpre.com/shop/goods/goods_list.php?category=036&search_word=&parent_sno=&scroll=0&cateType=&v_category=&category=036&search_brand%5B%5D=168,2020-02-13 04:59:28.821489,http://www.apslove.com/shop/data/skin/aps2016/img/banner/main_header_logo.gif,2020-02-13 04:59:28.821529,3825
668,president,http://www.dogpre.com/shop/goods/goods_list.php?category=036&search_word=&parent_sno=&scroll=0&cateType=&v_category=&category=036&search_brand%5B%5D=974,2020-02-13 04:59:28.825284,http://www.apslove.com/shop/data/skin/aps2016/img/banner/main_header_logo.gif,2020-02-13 04:59:28.825327,3826
669,president,http://www.dogpre.com/shop/goods/goods_list.php?category=036&search_word=&parent_sno=&scroll=0&cateType=&v_category=&category=036&search_brand%5B%5D=230,2020-02-13 04:59:28.828894,http://www.apslove.com/shop/data/skin/aps2016/img/banner/main_header_logo.gif,2020-02-13 04:59:28.828937,3827
670,president,http://www.dogpre.com/shop/goods/goods_list.php?category=036&search_word=&parent_sno=&scroll=0&cateType=&v_category=&category=036&search_brand%5B%5D=135,2020-02-13 04:59:28.832748,http://www.apslove.com/shop/data/skin/aps2016/img/banner/main_header_logo.gif,2020-02-13 04:59:28.832791,3828
671,president,http://www.dogpre.com/shop/goods/goods_list.php?category=036&search_word=&parent_sno=&scroll=0&cateType=&v_category=&category=036&search_brand%5B%5D=150,2020-02-13 04:59:28.836009,http://www.apslove.com/shop/data/skin/aps2016/img/banner/main_header_logo.gif,2020-02-13 04:59:28.836047,3829
672,president,http://www.dogpre.com/shop/goods/goods_list.php?category=036&search_word=&parent_sno=&scroll=0&cateType=&v_category=&category=036&search_brand%5B%5D=1759,2020-02-13 04:59:28.839253,http://www.apslove.com/shop/data/skin/aps2016/img/banner/main_header_logo.gif,2020-02-13 04:59:28.839294,3830
673,president,http://www.dogpre.com/shop/goods/goods_list.php?category=036&search_word=&parent_sno=&scroll=0&cateType=&v_category=&category=036&search_brand%5B%5D=152,2020-02-13 04:59:28.842943,http://www.apslove.com/shop/data/skin/aps2016/img/banner/main_header_logo.gif,2020-02-13 04:59:28.842987,3831
674,president,http://www.dogpre.com/shop/goods/goods_list.php?category=036&search_word=&parent_sno=&scroll=0&cateType=&v_category=&category=036&search_brand%5B%5D=1501,2020-02-13 04:59:28.846375,http://www.apslove.com/shop/data/skin/aps2016/img/banner/main_header_logo.gif,2020-02-13 04:59:28.846416,3832
675,president,http://www.dogpre.com/shop/goods/goods_list.php?category=036&search_word=&parent_sno=&scroll=0&cateType=&v_category=&category=036&search_brand%5B%5D=157,2020-02-13 04:59:28.850081,http://www.apslove.com/shop/data/skin/aps2016/img/banner/main_header_logo.gif,2020-02-13 04:59:28.850124,3833
676,president,http://www.dogpre.com/shop/goods/goods_list.php?category=036&search_word=&parent_sno=&scroll=0&cateType=&v_category=&category=036&search_brand%5B%5D=1849,2020-02-13 04:59:28.853832,http://www.apslove.com/shop/data/skin/aps2016/img/banner/main_header_logo.gif,2020-02-13 04:59:28.853875,3834
677,president,http://www.dogpre.com/shop/goods/goods_list.php?category=036&search_word=&parent_sno=&scroll=0&cateType=&v_category=&category=036&search_brand%5B%5D=782,2020-02-13 04:59:28.857188,http://www.apslove.com/shop/data/skin/aps2016/img/banner/main_header_logo.gif,2020-02-13 04:59:28.857229,3835
678,president,http://www.dogpre.com/shop/goods/goods_list.php?category=036&search_word=&parent_sno=&scroll=0&cateType=&v_category=&category=036&search_brand%5B%5D=1134,2020-02-13 04:59:28.860758,http://www.apslove.com/shop/data/skin/aps2016/img/banner/main_header_logo.gif,2020-02-13 04:59:28.860802,3836
679,president,http://www.dogpre.com/shop/goods/goods_list.php?category=036&search_word=&parent_sno=&scroll=0&cateType=&v_category=&category=036&search_brand%5B%5D=161,2020-02-13 04:59:28.864120,http://www.apslove.com/shop/data/skin/aps2016/img/banner/main_header_logo.gif,2020-02-13 04:59:28.864161,3837
680,president,http://www.dogpre.com/shop/goods/goods_list.php?category=036&search_word=&parent_sno=&scroll=0&cateType=&v_category=&category=036&search_brand%5B%5D=166,2020-02-13 04:59:28.867481,http://www.apslove.com/shop/data/skin/aps2016/img/banner/main_header_logo.gif,2020-02-13 04:59:28.867522,3838
681,president,http://www.dogpre.com/shop/goods/goods_list.php?category=036&search_word=&parent_sno=&scroll=0&cateType=&v_category=&category=036&search_brand%5B%5D=1275,2020-02-13 04:59:28.870781,http://www.apslove.com/shop/data/skin/aps2016/img/banner/main_header_logo.gif,2020-02-13 04:59:28.870822,3839
682,president,http://www.dogpre.com/shop/goods/goods_list.php?category=036&search_word=&parent_sno=&scroll=0&cateType=&v_category=&category=036&search_brand%5B%5D=1227,2020-02-13 04:59:28.874545,http://www.apslove.com/shop/data/skin/aps2016/img/banner/main_header_logo.gif,2020-02-13 04:59:28.874586,3840
683,president,http://www.dogpre.com/shop/goods/goods_list.php?category=036&search_word=&parent_sno=&scroll=0&cateType=&v_category=&category=036&search_brand%5B%5D=239,2020-02-13 04:59:28.878042,http://www.apslove.com/shop/data/skin/aps2016/img/banner/main_header_logo.gif,2020-02-13 04:59:28.878083,3841
684,president,http://www.dogpre.com/shop/goods/goods_list.php?category=036&search_word=&parent_sno=&scroll=0&cateType=&v_category=&category=036&search_brand%5B%5D=2004,2020-02-13 04:59:28.881297,http://www.apslove.com/shop/data/skin/aps2016/img/banner/main_header_logo.gif,2020-02-13 04:59:28.881337,3842
685,president,http://www.dogpre.com/shop/goods/goods_list.php?category=036&search_word=&parent_sno=&scroll=0&cateType=&v_category=&category=036&search_brand%5B%5D=181,2020-02-13 04:59:28.884587,http://www.apslove.com/shop/data/skin/aps2016/img/banner/main_header_logo.gif,2020-02-13 04:59:28.884627,3843
686,president,http://www.dogpre.com/shop/goods/goods_list.php?category=036&search_word=&parent_sno=&scroll=0&cateType=&v_category=&category=036&search_brand%5B%5D=559,2020-02-13 04:59:28.887871,http://www.apslove.com/shop/data/skin/aps2016/img/banner/main_header_logo.gif,2020-02-13 04:59:28.887911,3844
687,president,http://www.dogpre.com/shop/goods/goods_list.php?category=036&search_word=&parent_sno=&scroll=0&cateType=&v_category=&category=036&search_brand%5B%5D=1825,2020-02-13 04:59:28.891369,http://www.apslove.com/shop/data/skin/aps2016/img/banner/main_header_logo.gif,2020-02-13 04:59:28.891411,3845
688,president,http://www.dogpre.com/shop/goods/goods_list.php?category=036&search_word=&parent_sno=&scroll=0&cateType=&v_category=&category=036&search_brand%5B%5D=764,2020-02-13 04:59:28.894594,http://www.apslove.com/shop/data/skin/aps2016/img/banner/main_header_logo.gif,2020-02-13 04:59:28.894633,3846
689,president,http://www.dogpre.com/shop/goods/goods_list.php?category=036&search_word=&parent_sno=&scroll=0&cateType=&v_category=&category=036&search_brand%5B%5D=620,2020-02-13 04:59:28.897956,http://www.apslove.com/shop/data/skin/aps2016/img/banner/main_header_logo.gif,2020-02-13 04:59:28.897997,3847
690,president,http://www.dogpre.com/shop/goods/goods_list.php?category=036&search_word=&parent_sno=&scroll=0&cateType=&v_category=&category=036&search_brand%5B%5D=194,2020-02-13 04:59:28.901247,http://www.apslove.com/shop/data/skin/aps2016/img/banner/main_header_logo.gif,2020-02-13 04:59:28.901286,3848
691,president,http://www.dogpre.com/shop/goods/goods_list.php?category=036&search_word=&parent_sno=&scroll=0&cateType=&v_category=&category=036&search_brand%5B%5D=196,2020-02-13 04:59:28.904194,http://www.apslove.com/shop/data/skin/aps2016/img/banner/main_header_logo.gif,2020-02-13 04:59:28.904233,3849
692,president,http://www.dogpre.com/shop/goods/goods_list.php?category=036&search_word=&parent_sno=&scroll=0&cateType=&v_category=&category=036&search_brand%5B%5D=1837,2020-02-13 04:59:28.907752,http://www.apslove.com/shop/data/skin/aps2016/img/banner/main_header_logo.gif,2020-02-13 04:59:28.907794,3850
693,president,http://www.dogpre.com/shop/goods/goods_list.php?category=036&search_word=&parent_sno=&scroll=0&cateType=&v_category=&category=036&search_brand%5B%5D=1037,2020-02-13 04:59:28.911182,http://www.apslove.com/shop/data/skin/aps2016/img/banner/main_header_logo.gif,2020-02-13 04:59:28.911222,3851
694,president,http://www.dogpre.com/shop/goods/goods_list.php?category=036&search_word=&parent_sno=&scroll=0&cateType=&v_category=&category=036&search_brand%5B%5D=1454,2020-02-13 04:59:28.914901,http://www.apslove.com/shop/data/skin/aps2016/img/banner/main_header_logo.gif,2020-02-13 04:59:28.914944,3852
695,president,http://www.dogpre.com/shop/goods/goods_list.php?category=036&search_word=&parent_sno=&scroll=0&cateType=&v_category=&category=036&search_brand%5B%5D=2056,2020-02-13 04:59:28.918118,http://www.apslove.com/shop/data/skin/aps2016/img/banner/main_header_logo.gif,2020-02-13 04:59:28.918159,3853
696,president,http://www.dogpre.com/shop/goods/goods_list.php?category=036&search_word=&parent_sno=&scroll=0&cateType=&v_category=&category=036&search_brand%5B%5D=215,2020-02-13 04:59:28.921811,http://www.apslove.com/shop/data/skin/aps2016/img/banner/main_header_logo.gif,2020-02-13 04:59:28.921853,3854
697,president,http://www.dogpre.com/shop/goods/goods_list.php?category=036&search_word=&parent_sno=&scroll=0&cateType=&v_category=&category=036&search_brand%5B%5D=216,2020-02-13 04:59:28.925064,http://www.apslove.com/shop/data/skin/aps2016/img/banner/main_header_logo.gif,2020-02-13 04:59:28.925105,3855
698,president,http://www.dogpre.com/shop/goods/goods_list.php?category=036&search_word=&parent_sno=&scroll=0&cateType=&v_category=&category=036&search_brand%5B%5D=217,2020-02-13 04:59:28.928306,http://www.apslove.com/shop/data/skin/aps2016/img/banner/main_header_logo.gif,2020-02-13 04:59:28.928348,3856
699,president,http://www.dogpre.com/shop/goods/goods_list.php?category=036&search_word=&parent_sno=&scroll=0&cateType=&v_category=&category=036&search_brand%5B%5D=1891,2020-02-13 04:59:28.931660,http://www.apslove.com/shop/data/skin/aps2016/img/banner/main_header_logo.gif,2020-02-13 04:59:28.931701,3857
700,president,http://www.dogpre.com/shop/goods/goods_list.php?category=036&search_word=&parent_sno=&scroll=0&cateType=&v_category=&category=036&search_brand%5B%5D=1576,2020-02-13 04:59:28.935170,http://www.apslove.com/shop/data/skin/aps2016/img/banner/main_header_logo.gif,2020-02-13 04:59:28.935212,3858
701,president,http://www.dogpre.com/shop/goods/goods_list.php?category=036&search_word=&parent_sno=&scroll=0&cateType=&v_category=&category=036&search_brand%5B%5D=1173,2020-02-13 04:59:28.938136,http://www.apslove.com/shop/data/skin/aps2016/img/banner/main_header_logo.gif,2020-02-13 04:59:28.938176,3859
702,president,http://www.dogpre.com/shop/goods/goods_list.php?category=036&search_word=&parent_sno=&scroll=0&cateType=&v_category=&category=036&search_brand%5B%5D=770,2020-02-13 04:59:28.942218,http://www.apslove.com/shop/data/skin/aps2016/img/banner/main_header_logo.gif,2020-02-13 04:59:28.942261,3860
703,president,http://www.dogpre.com/shop/goods/goods_list.php?category=036&search_word=&parent_sno=&scroll=0&cateType=&v_category=&category=036&search_brand%5B%5D=1942,2020-02-13 04:59:28.945800,http://www.apslove.com/shop/data/skin/aps2016/img/banner/main_header_logo.gif,2020-02-13 04:59:28.945842,3861
704,president,http://www.dogpre.com/shop/goods/goods_list.php?category=036&search_word=&parent_sno=&scroll=0&cateType=&v_category=&category=036&search_brand%5B%5D=1888,2020-02-13 04:59:28.949085,http://www.apslove.com/shop/data/skin/aps2016/img/banner/main_header_logo.gif,2020-02-13 04:59:28.949124,3862
