id,name,logo,brand_url,created_at,updated_at,brand_id
1067,µ¿¹°»ç¶ûAPS,http://www.apslove.com/shop/data/skin/aps2016/img/banner/main_header_logo.gif,http://www.apslove.com/shop/goods/goods_list.php?category=006001012001,2020-02-14 16:50:01.124080,2020-02-14 16:50:01.124080,2131
1068,µ¿¹°»ç¶ûAPS,http://www.apslove.com/shop/data/skin/aps2016/img/banner/main_header_logo.gif,http://www.apslove.com/shop/goods/goods_list.php?category=006001012023,2020-02-14 16:50:01.136050,2020-02-14 16:50:01.137046,2213
1069,µ¿¹°»ç¶ûAPS,http://www.apslove.com/shop/data/skin/aps2016/img/banner/main_header_logo.gif,http://www.apslove.com/shop/goods/goods_list.php?category=006001012054,2020-02-14 16:50:01.145055,2020-02-14 16:50:01.145055,2214
1070,µ¿¹°»ç¶ûAPS,http://www.apslove.com/shop/data/skin/aps2016/img/banner/main_header_logo.gif,http://www.apslove.com/shop/goods/goods_list.php?category=006001012045,2020-02-14 16:50:01.156992,2020-02-14 16:50:01.156992,2215
1071,µ¿¹°»ç¶ûAPS,http://www.apslove.com/shop/data/skin/aps2016/img/banner/main_header_logo.gif,http://www.apslove.com/shop/goods/goods_list.php?category=006001012051,2020-02-14 16:50:01.166004,2020-02-14 16:50:01.166004,2139
1072,µ¿¹°»ç¶ûAPS,http://www.apslove.com/shop/data/skin/aps2016/img/banner/main_header_logo.gif,http://www.apslove.com/shop/goods/goods_list.php?category=006001012028,2020-02-14 16:50:01.175966,2020-02-14 16:50:01.175966,2140
1073,µ¿¹°»ç¶ûAPS,http://www.apslove.com/shop/data/skin/aps2016/img/banner/main_header_logo.gif,http://www.apslove.com/shop/goods/goods_list.php?category=006001012030,2020-02-14 16:50:01.184943,2020-02-14 16:50:01.184943,2216
1074,µ¿¹°»ç¶ûAPS,http://www.apslove.com/shop/data/skin/aps2016/img/banner/main_header_logo.gif,http://www.apslove.com/shop/goods/goods_list.php?category=006001012003,2020-02-14 16:50:01.193892,2020-02-14 16:50:01.193892,2143
1075,µ¿¹°»ç¶ûAPS,http://www.apslove.com/shop/data/skin/aps2016/img/banner/main_header_logo.gif,http://www.apslove.com/shop/goods/goods_list.php?category=006001012004,2020-02-14 16:50:01.202902,2020-02-14 16:50:01.202902,2146
1076,µ¿¹°»ç¶ûAPS,http://www.apslove.com/shop/data/skin/aps2016/img/banner/main_header_logo.gif,http://www.apslove.com/shop/goods/goods_list.php?category=006001012050,2020-02-14 16:50:01.211877,2020-02-14 16:50:01.211877,2217
1077,µ¿¹°»ç¶ûAPS,http://www.apslove.com/shop/data/skin/aps2016/img/banner/main_header_logo.gif,http://www.apslove.com/shop/goods/goods_list.php?category=006001012005,2020-02-14 16:50:01.223845,2020-02-14 16:50:01.223845,2218
1078,µ¿¹°»ç¶ûAPS,http://www.apslove.com/shop/data/skin/aps2016/img/banner/main_header_logo.gif,http://www.apslove.com/shop/goods/goods_list.php?category=006001012027,2020-02-14 16:50:01.232817,2020-02-14 16:50:01.232817,2155
1079,µ¿¹°»ç¶ûAPS,http://www.apslove.com/shop/data/skin/aps2016/img/banner/main_header_logo.gif,http://www.apslove.com/shop/goods/goods_list.php?category=006001012024,2020-02-14 16:50:01.241764,2020-02-14 16:50:01.241764,2157
1080,µ¿¹°»ç¶ûAPS,http://www.apslove.com/shop/data/skin/aps2016/img/banner/main_header_logo.gif,http://www.apslove.com/shop/goods/goods_list.php?category=006001012056,2020-02-14 16:50:01.250740,2020-02-14 16:50:01.250740,2158
1081,µ¿¹°»ç¶ûAPS,http://www.apslove.com/shop/data/skin/aps2016/img/banner/main_header_logo.gif,http://www.apslove.com/shop/goods/goods_list.php?category=006001012006,2020-02-14 16:50:01.258719,2020-02-14 16:50:01.258719,2219
1082,µ¿¹°»ç¶ûAPS,http://www.apslove.com/shop/data/skin/aps2016/img/banner/main_header_logo.gif,http://www.apslove.com/shop/goods/goods_list.php?category=006001012057,2020-02-14 16:50:01.267694,2020-02-14 16:50:01.267694,2220
1083,µ¿¹°»ç¶ûAPS,http://www.apslove.com/shop/data/skin/aps2016/img/banner/main_header_logo.gif,http://www.apslove.com/shop/goods/goods_list.php?category=006001012041,2020-02-14 16:50:01.276670,2020-02-14 16:50:01.276670,2221
1084,µ¿¹°»ç¶ûAPS,http://www.apslove.com/shop/data/skin/aps2016/img/banner/main_header_logo.gif,http://www.apslove.com/shop/goods/goods_list.php?category=006001012052,2020-02-14 16:50:01.285678,2020-02-14 16:50:01.285678,2166
1085,µ¿¹°»ç¶ûAPS,http://www.apslove.com/shop/data/skin/aps2016/img/banner/main_header_logo.gif,http://www.apslove.com/shop/goods/goods_list.php?category=006001012047,2020-02-14 16:50:01.295650,2020-02-14 16:50:01.296618,2171
1086,µ¿¹°»ç¶ûAPS,http://www.apslove.com/shop/data/skin/aps2016/img/banner/main_header_logo.gif,http://www.apslove.com/shop/goods/goods_list.php?category=006001012048,2020-02-14 16:50:01.304596,2020-02-14 16:50:01.304596,2172
1087,µ¿¹°»ç¶ûAPS,http://www.apslove.com/shop/data/skin/aps2016/img/banner/main_header_logo.gif,http://www.apslove.com/shop/goods/goods_list.php?category=006001012025,2020-02-14 16:50:01.315567,2020-02-14 16:50:01.316564,2222
1088,µ¿¹°»ç¶ûAPS,http://www.apslove.com/shop/data/skin/aps2016/img/banner/main_header_logo.gif,http://www.apslove.com/shop/goods/goods_list.php?category=006001012008,2020-02-14 16:50:01.324543,2020-02-14 16:50:01.324543,2173
1089,µ¿¹°»ç¶ûAPS,http://www.apslove.com/shop/data/skin/aps2016/img/banner/main_header_logo.gif,http://www.apslove.com/shop/goods/goods_list.php?category=006001012053,2020-02-14 16:50:01.333548,2020-02-14 16:50:01.333548,2223
1090,µ¿¹°»ç¶ûAPS,http://www.apslove.com/shop/data/skin/aps2016/img/banner/main_header_logo.gif,http://www.apslove.com/shop/goods/goods_list.php?category=006001012010,2020-02-14 16:50:01.342520,2020-02-14 16:50:01.342520,2224
1091,µ¿¹°»ç¶ûAPS,http://www.apslove.com/shop/data/skin/aps2016/img/banner/main_header_logo.gif,http://www.apslove.com/shop/goods/goods_list.php?category=006001012011,2020-02-14 16:50:01.351505,2020-02-14 16:50:01.352496,2179
1092,µ¿¹°»ç¶ûAPS,http://www.apslove.com/shop/data/skin/aps2016/img/banner/main_header_logo.gif,http://www.apslove.com/shop/goods/goods_list.php?category=006001012012,2020-02-14 16:50:01.360447,2020-02-14 16:50:01.360447,2181
1093,µ¿¹°»ç¶ûAPS,http://www.apslove.com/shop/data/skin/aps2016/img/banner/main_header_logo.gif,http://www.apslove.com/shop/goods/goods_list.php?category=006001012033,2020-02-14 16:50:01.369448,2020-02-14 16:50:01.369448,2186
1094,µ¿¹°»ç¶ûAPS,http://www.apslove.com/shop/data/skin/aps2016/img/banner/main_header_logo.gif,http://www.apslove.com/shop/goods/goods_list.php?category=006001012019,2020-02-14 16:50:01.378399,2020-02-14 16:50:01.378399,2188
1095,µ¿¹°»ç¶ûAPS,http://www.apslove.com/shop/data/skin/aps2016/img/banner/main_header_logo.gif,http://www.apslove.com/shop/goods/goods_list.php?category=006001012014,2020-02-14 16:50:01.387375,2020-02-14 16:50:01.387375,2225
1096,µ¿¹°»ç¶ûAPS,http://www.apslove.com/shop/data/skin/aps2016/img/banner/main_header_logo.gif,http://www.apslove.com/shop/goods/goods_list.php?category=006001012013,2020-02-14 16:50:01.395354,2020-02-14 16:50:01.395354,2226
1097,µ¿¹°»ç¶ûAPS,http://www.apslove.com/shop/data/skin/aps2016/img/banner/main_header_logo.gif,http://www.apslove.com/shop/goods/goods_list.php?category=006001012026,2020-02-14 16:50:01.403359,2020-02-14 16:50:01.403359,2199
1098,µ¿¹°»ç¶ûAPS,http://www.apslove.com/shop/data/skin/aps2016/img/banner/main_header_logo.gif,http://www.apslove.com/shop/goods/goods_list.php?category=006001012046,2020-02-14 16:50:01.412317,2020-02-14 16:50:01.412317,2227
1099,µ¿¹°»ç¶ûAPS,http://www.apslove.com/shop/data/skin/aps2016/img/banner/main_header_logo.gif,http://www.apslove.com/shop/goods/goods_list.php?category=006001012038,2020-02-14 16:50:01.421284,2020-02-14 16:50:01.421284,2206
1100,µ¿¹°»ç¶ûAPS,http://www.apslove.com/shop/data/skin/aps2016/img/banner/main_header_logo.gif,http://www.apslove.com/shop/goods/goods_list.php?category=006001012035,2020-02-14 16:50:01.429263,2020-02-14 16:50:01.429263,2228
1101,µ¿¹°»ç¶ûAPS,http://www.apslove.com/shop/data/skin/aps2016/img/banner/main_header_logo.gif,http://www.apslove.com/shop/goods/goods_list.php?category=006001012049,2020-02-14 16:50:01.437242,2020-02-14 16:50:01.437242,2208
1102,µ¿¹°»ç¶ûAPS,http://www.apslove.com/shop/data/skin/aps2016/img/banner/main_header_logo.gif,http://www.apslove.com/shop/goods/goods_list.php?category=006001012017,2020-02-14 16:50:01.446243,2020-02-14 16:50:01.446243,2209
1103,µ¿¹°»ç¶ûAPS,http://www.apslove.com/shop/data/skin/aps2016/img/banner/main_header_logo.gif,http://www.apslove.com/shop/goods/goods_list.php?category=006001012055,2020-02-14 16:50:01.455194,2020-02-14 16:50:01.455194,2229
1104,QueenNPuppy,http://queenpuppy.co.kr/img/QP_LOGO.png,http://queenpuppy.co.kr/shop/cate.html?category=183,2020-02-14 16:58:16.086086,2020-02-14 16:58:16.086086,2131
1105,QueenNPuppy,http://queenpuppy.co.kr/img/QP_LOGO.png,http://queenpuppy.co.kr/shop/cate.html?category=440,2020-02-14 16:58:34.470950,2020-02-14 16:58:34.471950,2230
1106,QueenNPuppy,http://queenpuppy.co.kr/img/QP_LOGO.png,http://queenpuppy.co.kr/shop/cate.html?category=281,2020-02-14 16:58:36.191323,2020-02-14 16:58:36.191323,2136
1107,QueenNPuppy,http://queenpuppy.co.kr/img/QP_LOGO.png,http://queenpuppy.co.kr/shop/cate.html?category=509,2020-02-14 16:58:43.219528,2020-02-14 16:58:43.219528,2231
1108,QueenNPuppy,http://queenpuppy.co.kr/img/QP_LOGO.png,http://queenpuppy.co.kr/shop/cate.html?category=285,2020-02-14 16:58:47.903004,2020-02-14 16:58:47.904012,2242
1109,QueenNPuppy,http://queenpuppy.co.kr/img/QP_LOGO.png,http://queenpuppy.co.kr/shop/cate.html?category=225,2020-02-14 16:59:12.551128,2020-02-14 16:59:12.551128,2232
1110,QueenNPuppy,http://queenpuppy.co.kr/img/QP_LOGO.png,http://queenpuppy.co.kr/shop/cate.html?category=488,2020-02-14 16:59:28.682957,2020-02-14 16:59:28.682957,2140
1111,QueenNPuppy,http://queenpuppy.co.kr/img/QP_LOGO.png,http://queenpuppy.co.kr/shop/cate.html?category=187,2020-02-14 16:59:40.980072,2020-02-14 16:59:40.980072,2143
1112,QueenNPuppy,http://queenpuppy.co.kr/img/QP_LOGO.png,http://queenpuppy.co.kr/shop/cate.html?category=482,2020-02-14 17:00:27.918598,2020-02-14 17:00:27.919586,2233
1113,QueenNPuppy,http://queenpuppy.co.kr/img/QP_LOGO.png,http://queenpuppy.co.kr/shop/cate.html?category=375,2020-02-14 17:00:29.635998,2020-02-14 17:00:29.635998,2146
1114,QueenNPuppy,http://queenpuppy.co.kr/img/QP_LOGO.png,http://queenpuppy.co.kr/shop/cate.html?category=270,2020-02-14 17:00:30.971437,2020-02-14 17:00:30.971437,2148
1115,QueenNPuppy,http://queenpuppy.co.kr/img/QP_LOGO.png,http://queenpuppy.co.kr/shop/cate.html?category=408,2020-02-14 17:00:45.179438,2020-02-14 17:00:45.179438,2155
1116,QueenNPuppy,http://queenpuppy.co.kr/img/QP_LOGO.png,http://queenpuppy.co.kr/shop/cate.html?category=495,2020-02-14 17:01:16.961459,2020-02-14 17:01:16.961459,2160
1117,QueenNPuppy,http://queenpuppy.co.kr/img/QP_LOGO.png,http://queenpuppy.co.kr/shop/cate.html?category=487,2020-02-14 17:01:20.281533,2020-02-14 17:01:20.281533,2235
1118,QueenNPuppy,http://queenpuppy.co.kr/img/QP_LOGO.png,http://queenpuppy.co.kr/shop/cate.html?category=508,2020-02-14 17:01:23.245637,2020-02-14 17:01:23.245637,2161
1119,QueenNPuppy,http://queenpuppy.co.kr/img/QP_LOGO.png,http://queenpuppy.co.kr/shop/cate.html?category=505,2020-02-14 17:01:25.273213,2020-02-14 17:01:25.273213,2165
1120,QueenNPuppy,http://queenpuppy.co.kr/img/QP_LOGO.png,http://queenpuppy.co.kr/shop/cate.html?category=510,2020-02-14 17:01:31.039800,2020-02-14 17:01:31.039800,2164
1121,QueenNPuppy,http://queenpuppy.co.kr/img/QP_LOGO.png,http://queenpuppy.co.kr/shop/cate.html?category=514,2020-02-14 17:01:38.133843,2020-02-14 17:01:38.133843,2234
1122,QueenNPuppy,http://queenpuppy.co.kr/img/QP_LOGO.png,http://queenpuppy.co.kr/shop/cate.html?category=428,2020-02-14 17:01:44.333246,2020-02-14 17:01:44.333246,2221
1123,QueenNPuppy,http://queenpuppy.co.kr/img/QP_LOGO.png,http://queenpuppy.co.kr/shop/cate.html?category=511,2020-02-14 17:01:45.670673,2020-02-14 17:01:45.670673,2236
1124,QueenNPuppy,http://queenpuppy.co.kr/img/QP_LOGO.png,http://queenpuppy.co.kr/shop/cate.html?category=445,2020-02-14 17:01:51.082170,2020-02-14 17:01:51.082170,2238
1125,QueenNPuppy,http://queenpuppy.co.kr/img/QP_LOGO.png,http://queenpuppy.co.kr/shop/cate.html?category=471,2020-02-14 17:01:52.887376,2020-02-14 17:01:52.887376,2237
1126,QueenNPuppy,http://queenpuppy.co.kr/img/QP_LOGO.png,http://queenpuppy.co.kr/shop/cate.html?category=199,2020-02-14 17:01:58.204153,2020-02-14 17:01:58.204153,2173
1127,QueenNPuppy,http://queenpuppy.co.kr/img/QP_LOGO.png,http://queenpuppy.co.kr/shop/cate.html?category=278,2020-02-14 17:02:00.592765,2020-02-14 17:02:00.592765,2175
1128,QueenNPuppy,http://queenpuppy.co.kr/img/QP_LOGO.png,http://queenpuppy.co.kr/shop/cate.html?category=489,2020-02-14 17:02:05.061818,2020-02-14 17:02:05.061818,2176
1129,QueenNPuppy,http://queenpuppy.co.kr/img/QP_LOGO.png,http://queenpuppy.co.kr/shop/cate.html?category=265,2020-02-14 17:02:14.142538,2020-02-14 17:02:14.142538,2179
1130,QueenNPuppy,http://queenpuppy.co.kr/img/QP_LOGO.png,http://queenpuppy.co.kr/shop/cate.html?category=271,2020-02-14 17:02:22.228915,2020-02-14 17:02:22.228915,2240
1131,QueenNPuppy,http://queenpuppy.co.kr/img/QP_LOGO.png,http://queenpuppy.co.kr/shop/cate.html?category=289,2020-02-14 17:02:27.097895,2020-02-14 17:02:27.097895,2241
1132,QueenNPuppy,http://queenpuppy.co.kr/img/QP_LOGO.png,http://queenpuppy.co.kr/shop/cate.html?category=507,2020-02-14 17:02:32.273022,2020-02-14 17:02:32.273022,2189
1133,QueenNPuppy,http://queenpuppy.co.kr/img/QP_LOGO.png,http://queenpuppy.co.kr/shop/cate.html?category=512,2020-02-14 17:02:34.295614,2020-02-14 17:02:34.295614,2239
1134,QueenNPuppy,http://queenpuppy.co.kr/img/QP_LOGO.png,http://queenpuppy.co.kr/shop/cate.html?category=378,2020-02-14 17:02:42.455832,2020-02-14 17:02:42.455832,2183
1135,QueenNPuppy,http://queenpuppy.co.kr/img/QP_LOGO.png,http://queenpuppy.co.kr/shop/cate.html?category=395,2020-02-14 17:03:00.912467,2020-02-14 17:03:00.912467,2186
1136,QueenNPuppy,http://queenpuppy.co.kr/img/QP_LOGO.png,http://queenpuppy.co.kr/shop/cate.html?category=499,2020-02-14 17:03:05.396479,2020-02-14 17:03:05.396479,2182
1137,QueenNPuppy,http://queenpuppy.co.kr/img/QP_LOGO.png,http://queenpuppy.co.kr/shop/cate.html?category=286,2020-02-14 17:03:09.374811,2020-02-14 17:03:09.374811,2191
1138,QueenNPuppy,http://queenpuppy.co.kr/img/QP_LOGO.png,http://queenpuppy.co.kr/shop/cate.html?category=513,2020-02-14 17:03:25.234400,2020-02-14 17:03:25.234400,2243
1139,QueenNPuppy,http://queenpuppy.co.kr/img/QP_LOGO.png,http://queenpuppy.co.kr/shop/cate.html?category=515,2020-02-14 17:03:34.297190,2020-02-14 17:03:34.297190,2244
1140,QueenNPuppy,http://queenpuppy.co.kr/img/QP_LOGO.png,http://queenpuppy.co.kr/shop/cate.html?category=291,2020-02-14 17:03:36.090370,2020-02-14 17:03:36.090370,2197
1141,QueenNPuppy,http://queenpuppy.co.kr/img/QP_LOGO.png,http://queenpuppy.co.kr/shop/cate.html?category=501,2020-02-14 17:03:38.454074,2020-02-14 17:03:38.454074,2200
1142,QueenNPuppy,http://queenpuppy.co.kr/img/QP_LOGO.png,http://queenpuppy.co.kr/shop/cate.html?category=380,2020-02-14 17:03:46.290096,2020-02-14 17:03:46.290096,2245
1143,QueenNPuppy,http://queenpuppy.co.kr/img/QP_LOGO.png,http://queenpuppy.co.kr/shop/cate.html?category=503,2020-02-14 17:03:47.550752,2020-02-14 17:03:47.550752,2246
1144,QueenNPuppy,http://queenpuppy.co.kr/img/QP_LOGO.png,http://queenpuppy.co.kr/shop/cate.html?category=498,2020-02-14 17:03:51.348596,2020-02-14 17:03:51.348596,2202
1145,QueenNPuppy,http://queenpuppy.co.kr/img/QP_LOGO.png,http://queenpuppy.co.kr/shop/cate.html?category=377,2020-02-14 17:04:06.254742,2020-02-14 17:04:06.254742,2247
1146,QueenNPuppy,http://queenpuppy.co.kr/img/QP_LOGO.png,http://queenpuppy.co.kr/shop/cate.html?category=500,2020-02-14 17:04:11.356067,2020-02-14 17:04:11.356067,2227
1147,QueenNPuppy,http://queenpuppy.co.kr/img/QP_LOGO.png,http://queenpuppy.co.kr/shop/cate.html?category=243,2020-02-14 17:04:13.723778,2020-02-14 17:04:13.723778,2206
1148,QueenNPuppy,http://queenpuppy.co.kr/img/QP_LOGO.png,http://queenpuppy.co.kr/shop/cate.html?category=496,2020-02-14 17:04:19.102387,2020-02-14 17:04:19.102387,2248
1149,QueenNPuppy,http://queenpuppy.co.kr/img/QP_LOGO.png,http://queenpuppy.co.kr/shop/cate.html?category=490,2020-02-14 17:04:28.437392,2020-02-14 17:04:28.437392,2249
1150,QueenNPuppy,http://queenpuppy.co.kr/img/QP_LOGO.png,http://queenpuppy.co.kr/shop/cate.html?category=409,2020-02-14 17:04:33.517805,2020-02-14 17:04:33.517805,2209
1151,QueenNPuppy,http://queenpuppy.co.kr/img/QP_LOGO.png,http://queenpuppy.co.kr/shop/cate.html?category=494,2020-02-14 17:04:41.609202,2020-02-14 17:04:41.609202,2201
1152,QueenNPuppy,http://queenpuppy.co.kr/img/QP_LOGO.png,http://queenpuppy.co.kr/shop/cate.html?category=394,2020-02-14 17:04:52.142034,2020-02-14 17:04:52.142034,2229
1153,kingdom,http://www.dogskingdom.co.kr/shop/data/skin/apple_tree/img/banner/54564.jpg,http://www.dogskingdom.co.kr/shop/goods/goods_list.php?category=001065,2020-02-14 17:07:44.360014,2020-02-14 17:07:44.360014,2131
1154,kingdom,http://www.dogskingdom.co.kr/shop/data/skin/apple_tree/img/banner/54564.jpg,http://www.dogskingdom.co.kr/shop/goods/goods_list.php?category=001118,2020-02-14 17:07:44.371976,2020-02-14 17:07:44.371976,2250
1155,kingdom,http://www.dogskingdom.co.kr/shop/data/skin/apple_tree/img/banner/54564.jpg,http://www.dogskingdom.co.kr/shop/goods/goods_list.php?category=001048,2020-02-14 17:07:44.380947,2020-02-14 17:07:44.380947,2251
1156,kingdom,http://www.dogskingdom.co.kr/shop/data/skin/apple_tree/img/banner/54564.jpg,http://www.dogskingdom.co.kr/shop/goods/goods_list.php?category=001059,2020-02-14 17:07:44.390896,2020-02-14 17:07:44.390896,2252
1157,kingdom,http://www.dogskingdom.co.kr/shop/data/skin/apple_tree/img/banner/54564.jpg,http://www.dogskingdom.co.kr/shop/goods/goods_list.php?category=001049,2020-02-14 17:07:44.398874,2020-02-14 17:07:44.398874,2253
1158,kingdom,http://www.dogskingdom.co.kr/shop/data/skin/apple_tree/img/banner/54564.jpg,http://www.dogskingdom.co.kr/shop/goods/goods_list.php?category=001090,2020-02-14 17:07:44.407875,2020-02-14 17:07:44.407875,2140
1159,kingdom,http://www.dogskingdom.co.kr/shop/data/skin/apple_tree/img/banner/54564.jpg,http://www.dogskingdom.co.kr/shop/goods/goods_list.php?category=001079,2020-02-14 17:07:44.419818,2020-02-14 17:07:44.419818,2142
1160,kingdom,http://www.dogskingdom.co.kr/shop/data/skin/apple_tree/img/banner/54564.jpg,http://www.dogskingdom.co.kr/shop/goods/goods_list.php?category=001002,2020-02-14 17:07:44.428794,2020-02-14 17:07:44.428794,2143
1161,kingdom,http://www.dogskingdom.co.kr/shop/data/skin/apple_tree/img/banner/54564.jpg,http://www.dogskingdom.co.kr/shop/goods/goods_list.php?category=001122,2020-02-14 17:07:44.437770,2020-02-14 17:07:44.437770,2254
1162,kingdom,http://www.dogskingdom.co.kr/shop/data/skin/apple_tree/img/banner/54564.jpg,http://www.dogskingdom.co.kr/shop/goods/goods_list.php?category=001119,2020-02-14 17:07:44.446746,2020-02-14 17:07:44.446746,2255
1163,kingdom,http://www.dogskingdom.co.kr/shop/data/skin/apple_tree/img/banner/54564.jpg,http://www.dogskingdom.co.kr/shop/goods/goods_list.php?category=001005,2020-02-14 17:07:44.455722,2020-02-14 17:07:44.455722,2145
1164,kingdom,http://www.dogskingdom.co.kr/shop/data/skin/apple_tree/img/banner/54564.jpg,http://www.dogskingdom.co.kr/shop/goods/goods_list.php?category=001120,2020-02-14 17:07:44.464698,2020-02-14 17:07:44.464698,2146
1165,kingdom,http://www.dogskingdom.co.kr/shop/data/skin/apple_tree/img/banner/54564.jpg,http://www.dogskingdom.co.kr/shop/goods/goods_list.php?category=001006,2020-02-14 17:07:44.473674,2020-02-14 17:07:44.473674,2256
1166,kingdom,http://www.dogskingdom.co.kr/shop/data/skin/apple_tree/img/banner/54564.jpg,http://www.dogskingdom.co.kr/shop/goods/goods_list.php?category=001112,2020-02-14 17:07:44.483647,2020-02-14 17:07:44.483647,2217
1167,kingdom,http://www.dogskingdom.co.kr/shop/data/skin/apple_tree/img/banner/54564.jpg,http://www.dogskingdom.co.kr/shop/goods/goods_list.php?category=001116,2020-02-14 17:07:44.494619,2020-02-14 17:07:44.494619,2257
1168,kingdom,http://www.dogskingdom.co.kr/shop/data/skin/apple_tree/img/banner/54564.jpg,http://www.dogskingdom.co.kr/shop/goods/goods_list.php?category=001010,2020-02-14 17:07:44.537504,2020-02-14 17:07:44.537504,2258
1169,kingdom,http://www.dogskingdom.co.kr/shop/data/skin/apple_tree/img/banner/54564.jpg,http://www.dogskingdom.co.kr/shop/goods/goods_list.php?category=001012,2020-02-14 17:07:44.557451,2020-02-14 17:07:44.557451,2151
1170,kingdom,http://www.dogskingdom.co.kr/shop/data/skin/apple_tree/img/banner/54564.jpg,http://www.dogskingdom.co.kr/shop/goods/goods_list.php?category=001086,2020-02-14 17:07:44.571416,2020-02-14 17:07:44.571416,2259
1171,kingdom,http://www.dogskingdom.co.kr/shop/data/skin/apple_tree/img/banner/54564.jpg,http://www.dogskingdom.co.kr/shop/goods/goods_list.php?category=001083,2020-02-14 17:07:44.583398,2020-02-14 17:07:44.583398,2260
1172,kingdom,http://www.dogskingdom.co.kr/shop/data/skin/apple_tree/img/banner/54564.jpg,http://www.dogskingdom.co.kr/shop/goods/goods_list.php?category=001091,2020-02-14 17:07:44.599339,2020-02-14 17:07:44.599339,2155
1173,kingdom,http://www.dogskingdom.co.kr/shop/data/skin/apple_tree/img/banner/54564.jpg,http://www.dogskingdom.co.kr/shop/goods/goods_list.php?category=001061,2020-02-14 17:07:44.614314,2020-02-14 17:07:44.614314,2157
1174,kingdom,http://www.dogskingdom.co.kr/shop/data/skin/apple_tree/img/banner/54564.jpg,http://www.dogskingdom.co.kr/shop/goods/goods_list.php?category=001106,2020-02-14 17:07:44.627269,2020-02-14 17:07:44.627269,2261
1175,kingdom,http://www.dogskingdom.co.kr/shop/data/skin/apple_tree/img/banner/54564.jpg,http://www.dogskingdom.co.kr/shop/goods/goods_list.php?category=001115,2020-02-14 17:07:44.640230,2020-02-14 17:07:44.640230,2262
1176,kingdom,http://www.dogskingdom.co.kr/shop/data/skin/apple_tree/img/banner/54564.jpg,http://www.dogskingdom.co.kr/shop/goods/goods_list.php?category=001104,2020-02-14 17:07:44.649214,2020-02-14 17:07:44.649214,2163
1177,kingdom,http://www.dogskingdom.co.kr/shop/data/skin/apple_tree/img/banner/54564.jpg,http://www.dogskingdom.co.kr/shop/goods/goods_list.php?category=001020,2020-02-14 17:07:44.660176,2020-02-14 17:07:44.660176,2172
1178,kingdom,http://www.dogskingdom.co.kr/shop/data/skin/apple_tree/img/banner/54564.jpg,http://www.dogskingdom.co.kr/shop/goods/goods_list.php?category=001097,2020-02-14 17:07:44.670154,2020-02-14 17:07:44.670154,2263
1179,kingdom,http://www.dogskingdom.co.kr/shop/data/skin/apple_tree/img/banner/54564.jpg,http://www.dogskingdom.co.kr/shop/goods/goods_list.php?category=001051,2020-02-14 17:07:44.681121,2020-02-14 17:07:44.682117,2264
1180,kingdom,http://www.dogskingdom.co.kr/shop/data/skin/apple_tree/img/banner/54564.jpg,http://www.dogskingdom.co.kr/shop/goods/goods_list.php?category=001099,2020-02-14 17:07:44.692091,2020-02-14 17:07:44.692091,2176
1181,kingdom,http://www.dogskingdom.co.kr/shop/data/skin/apple_tree/img/banner/54564.jpg,http://www.dogskingdom.co.kr/shop/goods/goods_list.php?category=001030,2020-02-14 17:07:44.705063,2020-02-14 17:07:44.705063,2179
1182,kingdom,http://www.dogskingdom.co.kr/shop/data/skin/apple_tree/img/banner/54564.jpg,http://www.dogskingdom.co.kr/shop/goods/goods_list.php?category=001107,2020-02-14 17:07:44.714032,2020-02-14 17:07:44.714032,2265
1183,kingdom,http://www.dogskingdom.co.kr/shop/data/skin/apple_tree/img/banner/54564.jpg,http://www.dogskingdom.co.kr/shop/goods/goods_list.php?category=001071,2020-02-14 17:07:44.724005,2020-02-14 17:07:44.724005,2183
1184,kingdom,http://www.dogskingdom.co.kr/shop/data/skin/apple_tree/img/banner/54564.jpg,http://www.dogskingdom.co.kr/shop/goods/goods_list.php?category=001111,2020-02-14 17:07:44.730987,2020-02-14 17:07:44.730987,2186
1185,kingdom,http://www.dogskingdom.co.kr/shop/data/skin/apple_tree/img/banner/54564.jpg,http://www.dogskingdom.co.kr/shop/goods/goods_list.php?category=001094,2020-02-14 17:07:44.739962,2020-02-14 17:07:44.739962,2241
1186,kingdom,http://www.dogskingdom.co.kr/shop/data/skin/apple_tree/img/banner/54564.jpg,http://www.dogskingdom.co.kr/shop/goods/goods_list.php?category=001109,2020-02-14 17:07:44.748938,2020-02-14 17:07:44.748938,2266
1187,kingdom,http://www.dogskingdom.co.kr/shop/data/skin/apple_tree/img/banner/54564.jpg,http://www.dogskingdom.co.kr/shop/goods/goods_list.php?category=001074,2020-02-14 17:07:44.756918,2020-02-14 17:07:44.756918,2267
1188,kingdom,http://www.dogskingdom.co.kr/shop/data/skin/apple_tree/img/banner/54564.jpg,http://www.dogskingdom.co.kr/shop/goods/goods_list.php?category=001085,2020-02-14 17:07:44.767887,2020-02-14 17:07:44.767887,2268
1189,kingdom,http://www.dogskingdom.co.kr/shop/data/skin/apple_tree/img/banner/54564.jpg,http://www.dogskingdom.co.kr/shop/goods/goods_list.php?category=001042,2020-02-14 17:07:44.775892,2020-02-14 17:07:44.775892,2205
1190,kingdom,http://www.dogskingdom.co.kr/shop/data/skin/apple_tree/img/banner/54564.jpg,http://www.dogskingdom.co.kr/shop/goods/goods_list.php?category=001121,2020-02-14 17:07:44.783887,2020-02-14 17:07:44.783887,2269
1191,kingdom,http://www.dogskingdom.co.kr/shop/data/skin/apple_tree/img/banner/54564.jpg,http://www.dogskingdom.co.kr/shop/goods/goods_list.php?category=001043,2020-02-14 17:07:44.791848,2020-02-14 17:07:44.791848,2206
1192,kingdom,http://www.dogskingdom.co.kr/shop/data/skin/apple_tree/img/banner/54564.jpg,http://www.dogskingdom.co.kr/shop/goods/goods_list.php?category=001108,2020-02-14 17:07:44.799842,2020-02-14 17:07:44.799842,2270
1193,kingdom,http://www.dogskingdom.co.kr/shop/data/skin/apple_tree/img/banner/54564.jpg,http://www.dogskingdom.co.kr/shop/goods/goods_list.php?category=001110,2020-02-14 17:07:44.807824,2020-02-14 17:07:44.807824,2209
1194,kingdom,http://www.dogskingdom.co.kr/shop/data/skin/apple_tree/img/banner/54564.jpg,http://www.dogskingdom.co.kr/shop/goods/goods_list.php?category=001103,2020-02-14 17:07:44.815784,2020-02-14 17:07:44.815784,2271
1195,kingdom,http://www.dogskingdom.co.kr/shop/data/skin/apple_tree/img/banner/54564.jpg,http://www.dogskingdom.co.kr/shop/goods/goods_list.php?category=001114,2020-02-14 17:07:44.824736,2020-02-14 17:07:44.824736,2272
1196,president,http://www.apslove.com/shop/data/skin/aps2016/img/banner/main_header_logo.gif,http://www.dogpre.com/shop/goods/goods_list.php?category=036&search_word=&parent_sno=&scroll=0&cateType=&v_category=&category=036&search_brand%5B%5D=2,2020-02-14 17:18:07.517382,2020-02-14 17:18:07.517382,2131
1197,president,http://www.apslove.com/shop/data/skin/aps2016/img/banner/main_header_logo.gif,http://www.dogpre.com/shop/goods/goods_list.php?category=036&search_word=&parent_sno=&scroll=0&cateType=&v_category=&category=036&search_brand%5B%5D=7,2020-02-14 17:18:07.526352,2020-02-14 17:18:07.526352,2132
1198,president,http://www.apslove.com/shop/data/skin/aps2016/img/banner/main_header_logo.gif,http://www.dogpre.com/shop/goods/goods_list.php?category=036&search_word=&parent_sno=&scroll=0&cateType=&v_category=&category=036&search_brand%5B%5D=11,2020-02-14 17:18:07.536300,2020-02-14 17:18:07.536300,2133
1199,president,http://www.apslove.com/shop/data/skin/aps2016/img/banner/main_header_logo.gif,http://www.dogpre.com/shop/goods/goods_list.php?category=036&search_word=&parent_sno=&scroll=0&cateType=&v_category=&category=036&search_brand%5B%5D=1579,2020-02-14 17:18:07.545274,2020-02-14 17:18:07.545274,2134
1200,president,http://www.apslove.com/shop/data/skin/aps2016/img/banner/main_header_logo.gif,http://www.dogpre.com/shop/goods/goods_list.php?category=036&search_word=&parent_sno=&scroll=0&cateType=&v_category=&category=036&search_brand%5B%5D=881,2020-02-14 17:18:07.553253,2020-02-14 17:18:07.553253,2135
1201,president,http://www.apslove.com/shop/data/skin/aps2016/img/banner/main_header_logo.gif,http://www.dogpre.com/shop/goods/goods_list.php?category=036&search_word=&parent_sno=&scroll=0&cateType=&v_category=&category=036&search_brand%5B%5D=16,2020-02-14 17:18:07.562255,2020-02-14 17:18:07.562255,2136
1202,president,http://www.apslove.com/shop/data/skin/aps2016/img/banner/main_header_logo.gif,http://www.dogpre.com/shop/goods/goods_list.php?category=036&search_word=&parent_sno=&scroll=0&cateType=&v_category=&category=036&search_brand%5B%5D=1894,2020-02-14 17:18:07.572205,2020-02-14 17:18:07.572205,2137
1203,president,http://www.apslove.com/shop/data/skin/aps2016/img/banner/main_header_logo.gif,http://www.dogpre.com/shop/goods/goods_list.php?category=036&search_word=&parent_sno=&scroll=0&cateType=&v_category=&category=036&search_brand%5B%5D=23,2020-02-14 17:18:07.580182,2020-02-14 17:18:07.580182,2138
1204,president,http://www.apslove.com/shop/data/skin/aps2016/img/banner/main_header_logo.gif,http://www.dogpre.com/shop/goods/goods_list.php?category=036&search_word=&parent_sno=&scroll=0&cateType=&v_category=&category=036&search_brand%5B%5D=30,2020-02-14 17:18:07.589158,2020-02-14 17:18:07.589158,2139
1205,president,http://www.apslove.com/shop/data/skin/aps2016/img/banner/main_header_logo.gif,http://www.dogpre.com/shop/goods/goods_list.php?category=036&search_word=&parent_sno=&scroll=0&cateType=&v_category=&category=036&search_brand%5B%5D=779,2020-02-14 17:18:07.598134,2020-02-14 17:18:07.598134,2140
1206,president,http://www.apslove.com/shop/data/skin/aps2016/img/banner/main_header_logo.gif,http://www.dogpre.com/shop/goods/goods_list.php?category=036&search_word=&parent_sno=&scroll=0&cateType=&v_category=&category=036&search_brand%5B%5D=1681,2020-02-14 17:18:07.607109,2020-02-14 17:18:07.607109,2141
1207,president,http://www.apslove.com/shop/data/skin/aps2016/img/banner/main_header_logo.gif,http://www.dogpre.com/shop/goods/goods_list.php?category=036&search_word=&parent_sno=&scroll=0&cateType=&v_category=&category=036&search_brand%5B%5D=32,2020-02-14 17:18:07.619077,2020-02-14 17:18:07.619077,2142
1208,president,http://www.apslove.com/shop/data/skin/aps2016/img/banner/main_header_logo.gif,http://www.dogpre.com/shop/goods/goods_list.php?category=036&search_word=&parent_sno=&scroll=0&cateType=&v_category=&category=036&search_brand%5B%5D=31,2020-02-14 17:18:07.628053,2020-02-14 17:18:07.628053,2143
1209,president,http://www.apslove.com/shop/data/skin/aps2016/img/banner/main_header_logo.gif,http://www.dogpre.com/shop/goods/goods_list.php?category=036&search_word=&parent_sno=&scroll=0&cateType=&v_category=&category=036&search_brand%5B%5D=34,2020-02-14 17:18:07.637034,2020-02-14 17:18:07.637034,2144
1210,president,http://www.apslove.com/shop/data/skin/aps2016/img/banner/main_header_logo.gif,http://www.dogpre.com/shop/goods/goods_list.php?category=036&search_word=&parent_sno=&scroll=0&cateType=&v_category=&category=036&search_brand%5B%5D=36,2020-02-14 17:18:07.646005,2020-02-14 17:18:07.646005,2145
1211,president,http://www.apslove.com/shop/data/skin/aps2016/img/banner/main_header_logo.gif,http://www.dogpre.com/shop/goods/goods_list.php?category=036&search_word=&parent_sno=&scroll=0&cateType=&v_category=&category=036&search_brand%5B%5D=40,2020-02-14 17:18:07.655008,2020-02-14 17:18:07.655008,2146
1212,president,http://www.apslove.com/shop/data/skin/aps2016/img/banner/main_header_logo.gif,http://www.dogpre.com/shop/goods/goods_list.php?category=036&search_word=&parent_sno=&scroll=0&cateType=&v_category=&category=036&search_brand%5B%5D=1726,2020-02-14 17:18:07.664963,2020-02-14 17:18:07.664963,2147
1213,president,http://www.apslove.com/shop/data/skin/aps2016/img/banner/main_header_logo.gif,http://www.dogpre.com/shop/goods/goods_list.php?category=036&search_word=&parent_sno=&scroll=0&cateType=&v_category=&category=036&search_brand%5B%5D=47,2020-02-14 17:18:07.673931,2020-02-14 17:18:07.673931,2148
1214,president,http://www.apslove.com/shop/data/skin/aps2016/img/banner/main_header_logo.gif,http://www.dogpre.com/shop/goods/goods_list.php?category=036&search_word=&parent_sno=&scroll=0&cateType=&v_category=&category=036&search_brand%5B%5D=1846,2020-02-14 17:18:07.681910,2020-02-14 17:18:07.681910,2149
1215,president,http://www.apslove.com/shop/data/skin/aps2016/img/banner/main_header_logo.gif,http://www.dogpre.com/shop/goods/goods_list.php?category=036&search_word=&parent_sno=&scroll=0&cateType=&v_category=&category=036&search_brand%5B%5D=52,2020-02-14 17:18:07.690885,2020-02-14 17:18:07.690885,2150
1216,president,http://www.apslove.com/shop/data/skin/aps2016/img/banner/main_header_logo.gif,http://www.dogpre.com/shop/goods/goods_list.php?category=036&search_word=&parent_sno=&scroll=0&cateType=&v_category=&category=036&search_brand%5B%5D=55,2020-02-14 17:18:07.700860,2020-02-14 17:18:07.700860,2151
1217,president,http://www.apslove.com/shop/data/skin/aps2016/img/banner/main_header_logo.gif,http://www.dogpre.com/shop/goods/goods_list.php?category=036&search_word=&parent_sno=&scroll=0&cateType=&v_category=&category=036&search_brand%5B%5D=1873,2020-02-14 17:18:07.709867,2020-02-14 17:18:07.709867,2152
1218,president,http://www.apslove.com/shop/data/skin/aps2016/img/banner/main_header_logo.gif,http://www.dogpre.com/shop/goods/goods_list.php?category=036&search_word=&parent_sno=&scroll=0&cateType=&v_category=&category=036&search_brand%5B%5D=64,2020-02-14 17:18:07.718811,2020-02-14 17:18:07.718811,2153
1219,president,http://www.apslove.com/shop/data/skin/aps2016/img/banner/main_header_logo.gif,http://www.dogpre.com/shop/goods/goods_list.php?category=036&search_word=&parent_sno=&scroll=0&cateType=&v_category=&category=036&search_brand%5B%5D=1523,2020-02-14 17:18:07.727787,2020-02-14 17:18:07.727787,2154
1220,president,http://www.apslove.com/shop/data/skin/aps2016/img/banner/main_header_logo.gif,http://www.dogpre.com/shop/goods/goods_list.php?category=036&search_word=&parent_sno=&scroll=0&cateType=&v_category=&category=036&search_brand%5B%5D=577,2020-02-14 17:18:07.736793,2020-02-14 17:18:07.736793,2155
1221,president,http://www.apslove.com/shop/data/skin/aps2016/img/banner/main_header_logo.gif,http://www.dogpre.com/shop/goods/goods_list.php?category=036&search_word=&parent_sno=&scroll=0&cateType=&v_category=&category=036&search_brand%5B%5D=1463,2020-02-14 17:18:07.747765,2020-02-14 17:18:07.747765,2156
1222,president,http://www.apslove.com/shop/data/skin/aps2016/img/banner/main_header_logo.gif,http://www.dogpre.com/shop/goods/goods_list.php?category=036&search_word=&parent_sno=&scroll=0&cateType=&v_category=&category=036&search_brand%5B%5D=258,2020-02-14 17:18:07.756710,2020-02-14 17:18:07.756710,2157
1223,president,http://www.apslove.com/shop/data/skin/aps2016/img/banner/main_header_logo.gif,http://www.dogpre.com/shop/goods/goods_list.php?category=036&search_word=&parent_sno=&scroll=0&cateType=&v_category=&category=036&search_brand%5B%5D=2011,2020-02-14 17:18:07.765685,2020-02-14 17:18:07.765685,2158
1224,president,http://www.apslove.com/shop/data/skin/aps2016/img/banner/main_header_logo.gif,http://www.dogpre.com/shop/goods/goods_list.php?category=036&search_word=&parent_sno=&scroll=0&cateType=&v_category=&category=036&search_brand%5B%5D=1552,2020-02-14 17:18:07.773664,2020-02-14 17:18:07.773664,2159
1225,president,http://www.apslove.com/shop/data/skin/aps2016/img/banner/main_header_logo.gif,http://www.dogpre.com/shop/goods/goods_list.php?category=036&search_word=&parent_sno=&scroll=0&cateType=&v_category=&category=036&search_brand%5B%5D=1645,2020-02-14 17:18:07.782640,2020-02-14 17:18:07.782640,2160
1226,president,http://www.apslove.com/shop/data/skin/aps2016/img/banner/main_header_logo.gif,http://www.dogpre.com/shop/goods/goods_list.php?category=036&search_word=&parent_sno=&scroll=0&cateType=&v_category=&category=036&search_brand%5B%5D=1525,2020-02-14 17:18:07.790619,2020-02-14 17:18:07.790619,2161
1227,president,http://www.apslove.com/shop/data/skin/aps2016/img/banner/main_header_logo.gif,http://www.dogpre.com/shop/goods/goods_list.php?category=036&search_word=&parent_sno=&scroll=0&cateType=&v_category=&category=036&search_brand%5B%5D=2003,2020-02-14 17:18:07.799595,2020-02-14 17:18:07.799595,2162
1228,president,http://www.apslove.com/shop/data/skin/aps2016/img/banner/main_header_logo.gif,http://www.dogpre.com/shop/goods/goods_list.php?category=036&search_word=&parent_sno=&scroll=0&cateType=&v_category=&category=036&search_brand%5B%5D=1329,2020-02-14 17:18:07.808571,2020-02-14 17:18:07.808571,2163
1229,president,http://www.apslove.com/shop/data/skin/aps2016/img/banner/main_header_logo.gif,http://www.dogpre.com/shop/goods/goods_list.php?category=036&search_word=&parent_sno=&scroll=0&cateType=&v_category=&category=036&search_brand%5B%5D=1723,2020-02-14 17:18:07.817546,2020-02-14 17:18:07.817546,2164
1230,president,http://www.apslove.com/shop/data/skin/aps2016/img/banner/main_header_logo.gif,http://www.dogpre.com/shop/goods/goods_list.php?category=036&search_word=&parent_sno=&scroll=0&cateType=&v_category=&category=036&search_brand%5B%5D=1717,2020-02-14 17:18:07.825526,2020-02-14 17:18:07.825526,2165
1231,president,http://www.apslove.com/shop/data/skin/aps2016/img/banner/main_header_logo.gif,http://www.dogpre.com/shop/goods/goods_list.php?category=036&search_word=&parent_sno=&scroll=0&cateType=&v_category=&category=036&search_brand%5B%5D=1834,2020-02-14 17:18:07.832534,2020-02-14 17:18:07.832534,2166
1232,president,http://www.apslove.com/shop/data/skin/aps2016/img/banner/main_header_logo.gif,http://www.dogpre.com/shop/goods/goods_list.php?category=036&search_word=&parent_sno=&scroll=0&cateType=&v_category=&category=036&search_brand%5B%5D=105,2020-02-14 17:18:07.840534,2020-02-14 17:18:07.840534,2167
1233,president,http://www.apslove.com/shop/data/skin/aps2016/img/banner/main_header_logo.gif,http://www.dogpre.com/shop/goods/goods_list.php?category=036&search_word=&parent_sno=&scroll=0&cateType=&v_category=&category=036&search_brand%5B%5D=1567,2020-02-14 17:18:07.849461,2020-02-14 17:18:07.849461,2168
1234,president,http://www.apslove.com/shop/data/skin/aps2016/img/banner/main_header_logo.gif,http://www.dogpre.com/shop/goods/goods_list.php?category=036&search_word=&parent_sno=&scroll=0&cateType=&v_category=&category=036&search_brand%5B%5D=2014,2020-02-14 17:18:07.859435,2020-02-14 17:18:07.859435,2169
1235,president,http://www.apslove.com/shop/data/skin/aps2016/img/banner/main_header_logo.gif,http://www.dogpre.com/shop/goods/goods_list.php?category=036&search_word=&parent_sno=&scroll=0&cateType=&v_category=&category=036&search_brand%5B%5D=1672,2020-02-14 17:18:07.868442,2020-02-14 17:18:07.868442,2170
1236,president,http://www.apslove.com/shop/data/skin/aps2016/img/banner/main_header_logo.gif,http://www.dogpre.com/shop/goods/goods_list.php?category=036&search_word=&parent_sno=&scroll=0&cateType=&v_category=&category=036&search_brand%5B%5D=1013,2020-02-14 17:18:07.878428,2020-02-14 17:18:07.878428,2171
1237,president,http://www.apslove.com/shop/data/skin/aps2016/img/banner/main_header_logo.gif,http://www.dogpre.com/shop/goods/goods_list.php?category=036&search_word=&parent_sno=&scroll=0&cateType=&v_category=&category=036&search_brand%5B%5D=119,2020-02-14 17:18:07.887392,2020-02-14 17:18:07.887392,2172
1238,president,http://www.apslove.com/shop/data/skin/aps2016/img/banner/main_header_logo.gif,http://www.dogpre.com/shop/goods/goods_list.php?category=036&search_word=&parent_sno=&scroll=0&cateType=&v_category=&category=036&search_brand%5B%5D=126,2020-02-14 17:18:07.894374,2020-02-14 17:18:07.894374,2173
1239,president,http://www.apslove.com/shop/data/skin/aps2016/img/banner/main_header_logo.gif,http://www.dogpre.com/shop/goods/goods_list.php?category=036&search_word=&parent_sno=&scroll=0&cateType=&v_category=&category=036&search_brand%5B%5D=127,2020-02-14 17:18:07.903317,2020-02-14 17:18:07.903317,2174
1240,president,http://www.apslove.com/shop/data/skin/aps2016/img/banner/main_header_logo.gif,http://www.dogpre.com/shop/goods/goods_list.php?category=036&search_word=&parent_sno=&scroll=0&cateType=&v_category=&category=036&search_brand%5B%5D=168,2020-02-14 17:18:07.912325,2020-02-14 17:18:07.912325,2175
1241,president,http://www.apslove.com/shop/data/skin/aps2016/img/banner/main_header_logo.gif,http://www.dogpre.com/shop/goods/goods_list.php?category=036&search_word=&parent_sno=&scroll=0&cateType=&v_category=&category=036&search_brand%5B%5D=974,2020-02-14 17:18:07.922266,2020-02-14 17:18:07.922266,2176
1242,president,http://www.apslove.com/shop/data/skin/aps2016/img/banner/main_header_logo.gif,http://www.dogpre.com/shop/goods/goods_list.php?category=036&search_word=&parent_sno=&scroll=0&cateType=&v_category=&category=036&search_brand%5B%5D=230,2020-02-14 17:18:07.931245,2020-02-14 17:18:07.931245,2177
1243,president,http://www.apslove.com/shop/data/skin/aps2016/img/banner/main_header_logo.gif,http://www.dogpre.com/shop/goods/goods_list.php?category=036&search_word=&parent_sno=&scroll=0&cateType=&v_category=&category=036&search_brand%5B%5D=135,2020-02-14 17:18:07.938251,2020-02-14 17:18:07.938251,2178
1244,president,http://www.apslove.com/shop/data/skin/aps2016/img/banner/main_header_logo.gif,http://www.dogpre.com/shop/goods/goods_list.php?category=036&search_word=&parent_sno=&scroll=0&cateType=&v_category=&category=036&search_brand%5B%5D=150,2020-02-14 17:18:07.947201,2020-02-14 17:18:07.948198,2179
1245,president,http://www.apslove.com/shop/data/skin/aps2016/img/banner/main_header_logo.gif,http://www.dogpre.com/shop/goods/goods_list.php?category=036&search_word=&parent_sno=&scroll=0&cateType=&v_category=&category=036&search_brand%5B%5D=1759,2020-02-14 17:18:07.955203,2020-02-14 17:18:07.955203,2180
1246,president,http://www.apslove.com/shop/data/skin/aps2016/img/banner/main_header_logo.gif,http://www.dogpre.com/shop/goods/goods_list.php?category=036&search_word=&parent_sno=&scroll=0&cateType=&v_category=&category=036&search_brand%5B%5D=152,2020-02-14 17:18:07.964180,2020-02-14 17:18:07.964180,2181
1247,president,http://www.apslove.com/shop/data/skin/aps2016/img/banner/main_header_logo.gif,http://www.dogpre.com/shop/goods/goods_list.php?category=036&search_word=&parent_sno=&scroll=0&cateType=&v_category=&category=036&search_brand%5B%5D=1501,2020-02-14 17:18:07.974129,2020-02-14 17:18:07.974129,2182
1248,president,http://www.apslove.com/shop/data/skin/aps2016/img/banner/main_header_logo.gif,http://www.dogpre.com/shop/goods/goods_list.php?category=036&search_word=&parent_sno=&scroll=0&cateType=&v_category=&category=036&search_brand%5B%5D=157,2020-02-14 17:18:07.982127,2020-02-14 17:18:07.982127,2183
1249,president,http://www.apslove.com/shop/data/skin/aps2016/img/banner/main_header_logo.gif,http://www.dogpre.com/shop/goods/goods_list.php?category=036&search_word=&parent_sno=&scroll=0&cateType=&v_category=&category=036&search_brand%5B%5D=1849,2020-02-14 17:18:07.990085,2020-02-14 17:18:07.990085,2184
1250,president,http://www.apslove.com/shop/data/skin/aps2016/img/banner/main_header_logo.gif,http://www.dogpre.com/shop/goods/goods_list.php?category=036&search_word=&parent_sno=&scroll=0&cateType=&v_category=&category=036&search_brand%5B%5D=782,2020-02-14 17:18:07.998090,2020-02-14 17:18:07.998090,2185
1251,president,http://www.apslove.com/shop/data/skin/aps2016/img/banner/main_header_logo.gif,http://www.dogpre.com/shop/goods/goods_list.php?category=036&search_word=&parent_sno=&scroll=0&cateType=&v_category=&category=036&search_brand%5B%5D=1134,2020-02-14 17:18:08.006069,2020-02-14 17:18:08.006069,2186
1252,president,http://www.apslove.com/shop/data/skin/aps2016/img/banner/main_header_logo.gif,http://www.dogpre.com/shop/goods/goods_list.php?category=036&search_word=&parent_sno=&scroll=0&cateType=&v_category=&category=036&search_brand%5B%5D=161,2020-02-14 17:18:08.016015,2020-02-14 17:18:08.016015,2187
1253,president,http://www.apslove.com/shop/data/skin/aps2016/img/banner/main_header_logo.gif,http://www.dogpre.com/shop/goods/goods_list.php?category=036&search_word=&parent_sno=&scroll=0&cateType=&v_category=&category=036&search_brand%5B%5D=166,2020-02-14 17:18:08.024993,2020-02-14 17:18:08.024993,2188
1254,president,http://www.apslove.com/shop/data/skin/aps2016/img/banner/main_header_logo.gif,http://www.dogpre.com/shop/goods/goods_list.php?category=036&search_word=&parent_sno=&scroll=0&cateType=&v_category=&category=036&search_brand%5B%5D=1275,2020-02-14 17:18:08.033967,2020-02-14 17:18:08.033967,2189
1255,president,http://www.apslove.com/shop/data/skin/aps2016/img/banner/main_header_logo.gif,http://www.dogpre.com/shop/goods/goods_list.php?category=036&search_word=&parent_sno=&scroll=0&cateType=&v_category=&category=036&search_brand%5B%5D=1227,2020-02-14 17:18:08.041980,2020-02-14 17:18:08.041980,2190
1256,president,http://www.apslove.com/shop/data/skin/aps2016/img/banner/main_header_logo.gif,http://www.dogpre.com/shop/goods/goods_list.php?category=036&search_word=&parent_sno=&scroll=0&cateType=&v_category=&category=036&search_brand%5B%5D=239,2020-02-14 17:18:08.052919,2020-02-14 17:18:08.053946,2191
1257,president,http://www.apslove.com/shop/data/skin/aps2016/img/banner/main_header_logo.gif,http://www.dogpre.com/shop/goods/goods_list.php?category=036&search_word=&parent_sno=&scroll=0&cateType=&v_category=&category=036&search_brand%5B%5D=2004,2020-02-14 17:18:08.062922,2020-02-14 17:18:08.062922,2192
1258,president,http://www.apslove.com/shop/data/skin/aps2016/img/banner/main_header_logo.gif,http://www.dogpre.com/shop/goods/goods_list.php?category=036&search_word=&parent_sno=&scroll=0&cateType=&v_category=&category=036&search_brand%5B%5D=181,2020-02-14 17:18:08.070893,2020-02-14 17:18:08.070893,2193
1259,president,http://www.apslove.com/shop/data/skin/aps2016/img/banner/main_header_logo.gif,http://www.dogpre.com/shop/goods/goods_list.php?category=036&search_word=&parent_sno=&scroll=0&cateType=&v_category=&category=036&search_brand%5B%5D=559,2020-02-14 17:18:08.079845,2020-02-14 17:18:08.079845,2194
1260,president,http://www.apslove.com/shop/data/skin/aps2016/img/banner/main_header_logo.gif,http://www.dogpre.com/shop/goods/goods_list.php?category=036&search_word=&parent_sno=&scroll=0&cateType=&v_category=&category=036&search_brand%5B%5D=1825,2020-02-14 17:18:08.087824,2020-02-14 17:18:08.087824,2195
1261,president,http://www.apslove.com/shop/data/skin/aps2016/img/banner/main_header_logo.gif,http://www.dogpre.com/shop/goods/goods_list.php?category=036&search_word=&parent_sno=&scroll=0&cateType=&v_category=&category=036&search_brand%5B%5D=764,2020-02-14 17:18:08.095802,2020-02-14 17:18:08.095802,2196
1262,president,http://www.apslove.com/shop/data/skin/aps2016/img/banner/main_header_logo.gif,http://www.dogpre.com/shop/goods/goods_list.php?category=036&search_word=&parent_sno=&scroll=0&cateType=&v_category=&category=036&search_brand%5B%5D=620,2020-02-14 17:18:08.103781,2020-02-14 17:18:08.103781,2197
1263,president,http://www.apslove.com/shop/data/skin/aps2016/img/banner/main_header_logo.gif,http://www.dogpre.com/shop/goods/goods_list.php?category=036&search_word=&parent_sno=&scroll=0&cateType=&v_category=&category=036&search_brand%5B%5D=194,2020-02-14 17:18:08.114752,2020-02-14 17:18:08.114752,2198
1264,president,http://www.apslove.com/shop/data/skin/aps2016/img/banner/main_header_logo.gif,http://www.dogpre.com/shop/goods/goods_list.php?category=036&search_word=&parent_sno=&scroll=0&cateType=&v_category=&category=036&search_brand%5B%5D=196,2020-02-14 17:18:08.122730,2020-02-14 17:18:08.122730,2199
1265,president,http://www.apslove.com/shop/data/skin/aps2016/img/banner/main_header_logo.gif,http://www.dogpre.com/shop/goods/goods_list.php?category=036&search_word=&parent_sno=&scroll=0&cateType=&v_category=&category=036&search_brand%5B%5D=1837,2020-02-14 17:18:08.130709,2020-02-14 17:18:08.130709,2200
1266,president,http://www.apslove.com/shop/data/skin/aps2016/img/banner/main_header_logo.gif,http://www.dogpre.com/shop/goods/goods_list.php?category=036&search_word=&parent_sno=&scroll=0&cateType=&v_category=&category=036&search_brand%5B%5D=1037,2020-02-14 17:18:08.137690,2020-02-14 17:18:08.137690,2201
1267,president,http://www.apslove.com/shop/data/skin/aps2016/img/banner/main_header_logo.gif,http://www.dogpre.com/shop/goods/goods_list.php?category=036&search_word=&parent_sno=&scroll=0&cateType=&v_category=&category=036&search_brand%5B%5D=1454,2020-02-14 17:18:08.145669,2020-02-14 17:18:08.145669,2202
1268,president,http://www.apslove.com/shop/data/skin/aps2016/img/banner/main_header_logo.gif,http://www.dogpre.com/shop/goods/goods_list.php?category=036&search_word=&parent_sno=&scroll=0&cateType=&v_category=&category=036&search_brand%5B%5D=2056,2020-02-14 17:18:08.153658,2020-02-14 17:18:08.153658,2203
1269,president,http://www.apslove.com/shop/data/skin/aps2016/img/banner/main_header_logo.gif,http://www.dogpre.com/shop/goods/goods_list.php?category=036&search_word=&parent_sno=&scroll=0&cateType=&v_category=&category=036&search_brand%5B%5D=215,2020-02-14 17:18:08.165616,2020-02-14 17:18:08.165616,2204
1270,president,http://www.apslove.com/shop/data/skin/aps2016/img/banner/main_header_logo.gif,http://www.dogpre.com/shop/goods/goods_list.php?category=036&search_word=&parent_sno=&scroll=0&cateType=&v_category=&category=036&search_brand%5B%5D=216,2020-02-14 17:18:08.174591,2020-02-14 17:18:08.174591,2205
1271,president,http://www.apslove.com/shop/data/skin/aps2016/img/banner/main_header_logo.gif,http://www.dogpre.com/shop/goods/goods_list.php?category=036&search_word=&parent_sno=&scroll=0&cateType=&v_category=&category=036&search_brand%5B%5D=217,2020-02-14 17:18:08.182571,2020-02-14 17:18:08.182571,2206
1272,president,http://www.apslove.com/shop/data/skin/aps2016/img/banner/main_header_logo.gif,http://www.dogpre.com/shop/goods/goods_list.php?category=036&search_word=&parent_sno=&scroll=0&cateType=&v_category=&category=036&search_brand%5B%5D=1891,2020-02-14 17:18:08.192543,2020-02-14 17:18:08.192543,2207
1273,president,http://www.apslove.com/shop/data/skin/aps2016/img/banner/main_header_logo.gif,http://www.dogpre.com/shop/goods/goods_list.php?category=036&search_word=&parent_sno=&scroll=0&cateType=&v_category=&category=036&search_brand%5B%5D=1576,2020-02-14 17:18:08.200537,2020-02-14 17:18:08.200537,2208
1274,president,http://www.apslove.com/shop/data/skin/aps2016/img/banner/main_header_logo.gif,http://www.dogpre.com/shop/goods/goods_list.php?category=036&search_word=&parent_sno=&scroll=0&cateType=&v_category=&category=036&search_brand%5B%5D=1173,2020-02-14 17:18:08.208501,2020-02-14 17:18:08.208501,2209
1275,president,http://www.apslove.com/shop/data/skin/aps2016/img/banner/main_header_logo.gif,http://www.dogpre.com/shop/goods/goods_list.php?category=036&search_word=&parent_sno=&scroll=0&cateType=&v_category=&category=036&search_brand%5B%5D=770,2020-02-14 17:18:08.217478,2020-02-14 17:18:08.217478,2210
1276,president,http://www.apslove.com/shop/data/skin/aps2016/img/banner/main_header_logo.gif,http://www.dogpre.com/shop/goods/goods_list.php?category=036&search_word=&parent_sno=&scroll=0&cateType=&v_category=&category=036&search_brand%5B%5D=1942,2020-02-14 17:18:08.225456,2020-02-14 17:18:08.225456,2211
1277,president,http://www.apslove.com/shop/data/skin/aps2016/img/banner/main_header_logo.gif,http://www.dogpre.com/shop/goods/goods_list.php?category=036&search_word=&parent_sno=&scroll=0&cateType=&v_category=&category=036&search_brand%5B%5D=1888,2020-02-14 17:18:08.236426,2020-02-14 17:18:08.236426,2212
